client_order_id,symbol,side,quantity,order_type,status,limit_price
2016-01-05-0001,AMZN,BUY,308,MARKET,FILLED,
2016-01-05-0002,ANDV,BUY,93,MARKET,FILLED,
2016-01-05-0003,GOOGL,BUY,261,MARKET,FILLED,
2016-01-05-0004,HRL,BUY,254,MARKET,FILLED,
2016-01-05-0005,NFLX,BUY,904,MARKET,FILLED,
2016-01-05-0006,SBUX,BUY,169,MARKET,FILLED,
2016-01-05-0007,STZ,BUY,70,MARKET,FILLED,
2016-01-05-0008,VLO,BUY,142,MARKET,FILLED,
2016-01-05-0009,VMC,BUY,107,MARKET,FILLED,
2016-01-05-0010,VRSN,BUY,122,MARKET,FILLED,
2016-02-02-0001,ANDV,SELL,93,MARKET,FILLED,
2016-02-02-0002,GOOGL,SELL,23,MARKET,FILLED,
2016-02-02-0003,HRL,SELL,21,MARKET,FILLED,
2016-02-02-0004,NFLX,SELL,904,MARKET,FILLED,
2016-02-02-0005,SBUX,SELL,169,MARKET,FILLED,
2016-02-02-0006,STZ,SELL,70,MARKET,FILLED,
2016-02-02-0007,VLO,SELL,142,MARKET,FILLED,
2016-02-02-0008,VMC,SELL,107,MARKET,FILLED,
2016-02-02-0009,AMZN,BUY,26,MARKET,FILLED,
2016-02-02-0010,AVGO,BUY,706,MARKET,FILLED,
2016-02-02-0011,EQIX,BUY,30,MARKET,FILLED,
2016-02-02-0012,EXPE,BUY,94,MARKET,FILLED,
2016-02-02-0013,FSLR,BUY,140,MARKET,FILLED,
2016-02-02-0014,GOOG,BUY,243,MARKET,FILLED,
2016-02-02-0015,MSFT,BUY,176,MARKET,FILLED,
2016-02-02-0016,VRSN,BUY,5,MARKET,FILLED,
2016-03-02-0001,AVGO,SELL,706,MARKET,FILLED,
2016-03-02-0002,EXPE,SELL,94,MARKET,FILLED,
2016-03-02-0003,FSLR,SELL,140,MARKET,FILLED,
2016-03-02-0004,HRL,SELL,9,MARKET,FILLED,
2016-03-02-0005,MSFT,SELL,176,MARKET,FILLED,
2016-03-02-0006,VRSN,SELL,127,MARKET,FILLED,
2016-03-02-0007,AIZ,BUY,132,MARKET,FILLED,
2016-03-02-0008,EQIX,BUY,1,MARKET,FILLED,
2016-03-02-0009,EXR,BUY,115,MARKET,FILLED,
2016-03-02-0010,GOOG,BUY,25,MARKET,FILLED,
2016-03-02-0011,GOOGL,BUY,22,MARKET,FILLED,
2016-03-02-0012,PSA,BUY,37,MARKET,FILLED,
2016-03-02-0013,SBUX,BUY,161,MARKET,FILLED,
2016-03-02-0014,STZ,BUY,67,MARKET,FILLED,
2016-04-04-0001,AIZ,SELL,132,MARKET,FILLED,
2016-04-04-0002,EXR,SELL,115,MARKET,FILLED,
2016-04-04-0003,GOOG,SELL,268,MARKET,FILLED,
2016-04-04-0004,SBUX,SELL,161,MARKET,FILLED,
2016-04-04-0005,STZ,SELL,67,MARKET,FILLED,
2016-04-04-0006,AMZN,BUY,6,MARKET,FILLED,
2016-04-04-0007,CPB,BUY,156,MARKET,FILLED,
2016-04-04-0008,GOOGL,BUY,4,MARKET,FILLED,
2016-04-04-0009,HRL,BUY,7,MARKET,FILLED,
2016-04-04-0010,MAT,BUY,295,MARKET,FILLED,
2016-04-04-0011,MSFT,BUY,183,MARKET,FILLED,
2016-04-04-0012,NFLX,BUY,962,MARKET,FILLED,
2016-04-04-0013,TSN,BUY,149,MARKET,FILLED,
2016-05-03-0001,AMZN,SELL,55,MARKET,FILLED,
2016-05-03-0002,EQIX,SELL,31,MARKET,FILLED,
2016-05-03-0003,MAT,SELL,295,MARKET,FILLED,
2016-05-03-0004,MSFT,SELL,183,MARKET,FILLED,
2016-05-03-0005,NFLX,SELL,962,MARKET,FILLED,
2016-05-03-0006,TSN,SELL,5,MARKET,FILLED,
2016-05-03-0007,EW,BUY,272,MARKET,FILLED,
2016-05-03-0008,EXR,BUY,110,MARKET,FILLED,
2016-05-03-0009,GOOGL,BUY,6,MARKET,FILLED,
2016-05-03-0010,HRL,BUY,18,MARKET,FILLED,
2016-05-03-0011,NI,BUY,419,MARKET,FILLED,
2016-05-03-0012,PSA,BUY,1,MARKET,FILLED,
2016-05-03-0013,VRSN,BUY,110,MARKET,FILLED,
2016-06-02-0001,AMZN,SELL,18,MARKET,FILLED,
2016-06-02-0002,CPB,SELL,156,MARKET,FILLED,
2016-06-02-0003,EXR,SELL,110,MARKET,FILLED,
2016-06-02-0004,GOOGL,SELL,270,MARKET,FILLED,
2016-06-02-0005,NI,SELL,419,MARKET,FILLED,
2016-06-02-0006,PSA,SELL,38,MARKET,FILLED,
2016-06-02-0007,AWK,BUY,127,MARKET,FILLED,
2016-06-02-0008,AYI,BUY,37,MARKET,FILLED,
2016-06-02-0009,CINF,BUY,138,MARKET,FILLED,
2016-06-02-0010,DLR,BUY,100,MARKET,FILLED,
2016-06-02-0011,EW,BUY,16,MARKET,FILLED,
2016-06-02-0012,GPN,BUY,123,MARKET,FILLED,
2016-06-02-0013,HRL,BUY,30,MARKET,FILLED,
2016-06-02-0014,TSN,BUY,5,MARKET,FILLED,
2016-06-02-0015,VRSN,BUY,3,MARKET,FILLED,
2016-07-05-0001,AWK,SELL,10,MARKET,FILLED,
2016-07-05-0002,AYI,SELL,37,MARKET,FILLED,
2016-07-05-0003,CINF,SELL,138,MARKET,FILLED,
2016-07-05-0004,DLR,SELL,10,MARKET,FILLED,
2016-07-05-0005,EW,SELL,288,MARKET,FILLED,
2016-07-05-0006,HRL,SELL,279,MARKET,FILLED,
2016-07-05-0007,VRSN,SELL,113,MARKET,FILLED,
2016-07-05-0008,ALB,BUY,123,MARKET,FILLED,
2016-07-05-0009,AMZN,BUY,6,MARKET,FILLED,
2016-07-05-0010,EQIX,BUY,25,MARKET,FILLED,
2016-07-05-0011,GPN,BUY,15,MARKET,FILLED,
2016-07-05-0012,NI,BUY,369,MARKET,FILLED,
2016-07-05-0013,TAP,BUY,97,MARKET,FILLED,
2016-07-05-0014,ULTA,BUY,40,MARKET,FILLED,
2016-08-02-0001,ALB,SELL,3,MARKET,FILLED,
2016-08-02-0002,AMZN,SELL,273,MARKET,FILLED,
2016-08-02-0003,GPN,SELL,138,MARKET,FILLED,
2016-08-02-0004,TSN,SELL,13,MARKET,FILLED,
2016-08-02-0005,ULTA,SELL,2,MARKET,FILLED,
2016-08-02-0006,AWK,BUY,5,MARKET,FILLED,
2016-08-02-0007,DLR,BUY,5,MARKET,FILLED,
2016-08-02-0008,EQIX,BUY,1,MARKET,FILLED,
2016-08-02-0009,NEM,BUY,224,MARKET,FILLED,
2016-08-02-0010,NI,BUY,23,MARKET,FILLED,
2016-08-02-0011,O,BUY,145,MARKET,FILLED,
2016-08-02-0012,TAP,BUY,2,MARKET,FILLED,
2016-09-02-0001,ALB,SELL,4,MARKET,FILLED,
2016-09-02-0002,EQIX,SELL,26,MARKET,FILLED,
2016-09-02-0003,NI,SELL,392,MARKET,FILLED,
2016-09-02-0004,TAP,SELL,99,MARKET,FILLED,
2016-09-02-0005,TSN,SELL,9,MARKET,FILLED,
2016-09-02-0006,AMAT,BUY,315,MARKET,FILLED,
2016-09-02-0007,AWK,BUY,8,MARKET,FILLED,
2016-09-02-0008,DHR,BUY,132,MARKET,FILLED,
2016-09-02-0009,EW,BUY,248,MARKET,FILLED,
2016-09-02-0010,NEM,BUY,13,MARKET,FILLED,
2016-09-02-0011,O,BUY,4,MARKET,FILLED,
2016-10-04-0001,ALB,SELL,6,MARKET,FILLED,
2016-10-04-0002,AWK,SELL,130,MARKET,FILLED,
2016-10-04-0003,EW,SELL,248,MARKET,FILLED,
2016-10-04-0004,O,SELL,149,MARKET,FILLED,
2016-10-04-0005,TSN,SELL,2,MARKET,FILLED,
2016-10-04-0006,ULTA,SELL,38,MARKET,FILLED,
2016-10-04-0007,ADSK,BUY,131,MARKET,FILLED,
2016-10-04-0008,AYI,BUY,35,MARKET,FILLED,
2016-10-04-0009,DHR,BUY,3,MARKET,FILLED,
2016-10-04-0010,DLR,BUY,5,MARKET,FILLED,
2016-10-04-0011,MAT,BUY,306,MARKET,FILLED,
2016-10-04-0012,NEM,BUY,19,MARKET,FILLED,
2016-10-04-0013,XYL,BUY,176,MARKET,FILLED,
2016-11-02-0001,ADSK,SELL,131,MARKET,FILLED,
2016-11-02-0002,AYI,SELL,35,MARKET,FILLED,
2016-11-02-0003,DHR,SELL,3,MARKET,FILLED,
2016-11-02-0004,DLR,SELL,100,MARKET,FILLED,
2016-11-02-0005,MAT,SELL,306,MARKET,FILLED,
2016-11-02-0006,NEM,SELL,22,MARKET,FILLED,
2016-11-02-0007,CHTR,BUY,36,MARKET,FILLED,
2016-11-02-0008,EW,BUY,293,MARKET,FILLED,
2016-11-02-0009,HPE,BUY,703,MARKET,FILLED,
2016-11-02-0010,OKE,BUY,189,MARKET,FILLED,
2016-11-02-0011,XYL,BUY,13,MARKET,FILLED,
2016-12-02-0001,ALB,SELL,5,MARKET,FILLED,
2016-12-02-0002,AMAT,SELL,17,MARKET,FILLED,
2016-12-02-0003,CHTR,SELL,36,MARKET,FILLED,
2016-12-02-0004,EW,SELL,293,MARKET,FILLED,
2016-12-02-0005,HPE,SELL,38,MARKET,FILLED,
2016-12-02-0006,OKE,SELL,24,MARKET,FILLED,
2016-12-02-0007,TSN,SELL,125,MARKET,FILLED,
2016-12-02-0008,XYL,SELL,189,MARKET,FILLED,
2016-12-02-0009,FCX,BUY,601,MARKET,FILLED,
2016-12-02-0010,NEM,BUY,42,MARKET,FILLED,
2016-12-02-0011,ULTA,BUY,33,MARKET,FILLED,
2016-12-02-0012,URBN,BUY,285,MARKET,FILLED,
2016-12-02-0013,WYNN,BUY,91,MARKET,FILLED,
2017-01-04-0001,ALB,SELL,105,MARKET,FILLED,
2017-01-04-0002,AMAT,SELL,18,MARKET,FILLED,
2017-01-04-0003,DHR,SELL,4,MARKET,FILLED,
2017-01-04-0004,HPE,SELL,665,MARKET,FILLED,
2017-01-04-0005,NEM,SELL,19,MARKET,FILLED,
2017-01-04-0006,OKE,SELL,13,MARKET,FILLED,
2017-01-04-0007,ULTA,SELL,33,MARKET,FILLED,
2017-01-04-0008,URBN,SELL,285,MARKET,FILLED,
2017-01-04-0009,WYNN,SELL,91,MARKET,FILLED,
2017-01-04-0010,CMI,BUY,64,MARKET,FILLED,
2017-01-04-0011,FCX,BUY,35,MARKET,FILLED,
2017-01-04-0012,JCI,BUY,211,MARKET,FILLED,
2017-01-04-0013,MLM,BUY,40,MARKET,FILLED,
2017-01-04-0014,NUE,BUY,150,MARKET,FILLED,
2017-01-04-0015,PWR,BUY,256,MARKET,FILLED,
2017-02-02-0001,AMAT,SELL,15,MARKET,FILLED,
2017-02-02-0002,CMI,SELL,64,MARKET,FILLED,
2017-02-02-0003,DHR,SELL,2,MARKET,FILLED,
2017-02-02-0004,FCX,SELL,79,MARKET,FILLED,
2017-02-02-0005,JCI,SELL,211,MARKET,FILLED,
2017-02-02-0006,MLM,SELL,40,MARKET,FILLED,
2017-02-02-0007,NEM,SELL,257,MARKET,FILLED,
2017-02-02-0008,NUE,SELL,150,MARKET,FILLED,
2017-02-02-0009,MU,BUY,378,MARKET,FILLED,
2017-02-02-0010,NAVI,BUY,621,MARKET,FILLED,
2017-02-02-0011,OKE,BUY,19,MARKET,FILLED,
2017-02-02-0012,PWR,BUY,3,MARKET,FILLED,
2017-02-02-0013,RF,BUY,649,MARKET,FILLED,
2017-02-02-0014,URI,BUY,72,MARKET,FILLED,
2017-02-02-0015,ZION,BUY,221,MARKET,FILLED,
2017-03-02-0001,AMAT,SELL,265,MARKET,FILLED,
2017-03-02-0002,DHR,SELL,2,MARKET,FILLED,
2017-03-02-0003,NAVI,SELL,621,MARKET,FILLED,
2017-03-02-0004,PWR,SELL,259,MARKET,FILLED,
2017-03-02-0005,RF,SELL,50,MARKET,FILLED,
2017-03-02-0006,ZION,SELL,16,MARKET,FILLED,
2017-03-02-0007,CSX,BUY,583,MARKET,FILLED,
2017-03-02-0008,DVN,BUY,217,MARKET,FILLED,
2017-03-02-0009,FCX,BUY,129,MARKET,FILLED,
2017-03-02-0010,MU,BUY,6,MARKET,FILLED,
2017-03-02-0011,OKE,BUY,2,MARKET,FILLED,
2017-03-02-0012,WMB,BUY,332,MARKET,FILLED,
2017-04-04-0001,DVN,SELL,217,MARKET,FILLED,
2017-04-04-0002,FCX,SELL,686,MARKET,FILLED,
2017-04-04-0003,MU,SELL,56,MARKET,FILLED,
2017-04-04-0004,OKE,SELL,4,MARKET,FILLED,
2017-04-04-0005,WMB,SELL,19,MARKET,FILLED,
2017-04-04-0006,ZION,SELL,205,MARKET,FILLED,
2017-04-04-0007,AMD,BUY,652,MARKET,FILLED,
2017-04-04-0008,BAC,BUY,402,MARKET,FILLED,
2017-04-04-0009,CSX,BUY,18,MARKET,FILLED,
2017-04-04-0010,MS,BUY,219,MARKET,FILLED,
2017-04-04-0011,RF,BUY,46,MARKET,FILLED,
2017-04-04-0012,URI,BUY,3,MARKET,FILLED,
2017-05-02-0001,BAC,SELL,402,MARKET,FILLED,
2017-05-02-0002,CSX,SELL,601,MARKET,FILLED,
2017-05-02-0003,MS,SELL,219,MARKET,FILLED,
2017-05-02-0004,MU,SELL,5,MARKET,FILLED,
2017-05-02-0005,OKE,SELL,169,MARKET,FILLED,
2017-05-02-0006,RF,SELL,645,MARKET,FILLED,
2017-05-02-0007,WMB,SELL,313,MARKET,FILLED,
2017-05-02-0008,AMAT,BUY,218,MARKET,FILLED,
2017-05-02-0009,AMD,BUY,126,MARKET,FILLED,
2017-05-02-0010,DXC,BUY,138,MARKET,FILLED,
2017-05-02-0011,IDXX,BUY,55,MARKET,FILLED,
2017-05-02-0012,INCY,BUY,73,MARKET,FILLED,
2017-05-02-0013,STX,BUY,216,MARKET,FILLED,
2017-05-02-0014,URI,BUY,8,MARKET,FILLED,
2017-05-02-0015,WDC,BUY,137,MARKET,FILLED,
2017-06-02-0001,AMAT,SELL,14,MARKET,FILLED,
2017-06-02-0002,DXC,SELL,138,MARKET,FILLED,
2017-06-02-0003,INCY,SELL,73,MARKET,FILLED,
2017-06-02-0004,MU,SELL,17,MARKET,FILLED,
2017-06-02-0005,URI,SELL,83,MARKET,FILLED,
2017-06-02-0006,WDC,SELL,2,MARKET,FILLED,
2017-06-02-0007,AMD,BUY,83,MARKET,FILLED,
2017-06-02-0008,BBY,BUY,156,MARKET,FILLED,
2017-06-02-0009,CSX,BUY,515,MARKET,FILLED,
2017-06-02-0010,LRCX,BUY,598,MARKET,FILLED,
2017-06-02-0011,STX,BUY,3,MARKET,FILLED,
2017-07-05-0001,AMD,SELL,129,MARKET,FILLED,
2017-07-05-0002,BBY,SELL,3,MARKET,FILLED,
2017-07-05-0003,CSX,SELL,17,MARKET,FILLED,
2017-07-05-0004,DHR,SELL,124,MARKET,FILLED,
2017-07-05-0005,IDXX,SELL,55,MARKET,FILLED,
2017-07-05-0006,ADSK,BUY,90,MARKET,FILLED,
2017-07-05-0007,AMAT,BUY,14,MARKET,FILLED,
2017-07-05-0008,LRCX,BUY,45,MARKET,FILLED,
2017-07-05-0009,STX,BUY,13,MARKET,FILLED,
2017-07-05-0010,UAL,BUY,119,MARKET,FILLED,
2017-07-05-0011,WDC,BUY,4,MARKET,FILLED,
2017-08-02-0001,ADSK,SELL,8,MARKET,FILLED,
2017-08-02-0002,AMAT,SELL,218,MARKET,FILLED,
2017-08-02-0003,AMD,SELL,72,MARKET,FILLED,
2017-08-02-0004,LRCX,SELL,643,MARKET,FILLED,
2017-08-02-0005,STX,SELL,232,MARKET,FILLED,
2017-08-02-0006,UAL,SELL,119,MARKET,FILLED,
2017-08-02-0007,ALGN,BUY,53,MARKET,FILLED,
2017-08-02-0008,BAC,BUY,372,MARKET,FILLED,
2017-08-02-0009,CSX,BUY,67,MARKET,FILLED,
2017-08-02-0010,IDXX,BUY,58,MARKET,FILLED,
2017-08-02-0011,LUV,BUY,163,MARKET,FILLED,
2017-08-02-0012,MU,BUY,8,MARKET,FILLED,
2017-09-05-0001,ADSK,SELL,82,MARKET,FILLED,
2017-09-05-0002,ALGN,SELL,2,MARKET,FILLED,
2017-09-05-0003,BAC,SELL,372,MARKET,FILLED,
2017-09-05-0004,BBY,SELL,153,MARKET,FILLED,
2017-09-05-0005,CSX,SELL,15,MARKET,FILLED,
2017-09-05-0006,IDXX,SELL,58,MARKET,FILLED,
2017-09-05-0007,LUV,SELL,163,MARKET,FILLED,
2017-09-05-0008,MU,SELL,34,MARKET,FILLED,
2017-09-05-0009,WDC,SELL,6,MARKET,FILLED,
2017-09-05-0010,AMD,BUY,45,MARKET,FILLED,
2017-09-05-0011,BA,BUY,37,MARKET,FILLED,
2017-09-05-0012,FMC,BUY,119,MARKET,FILLED,
2017-09-05-0013,NFLX,BUY,524,MARKET,FILLED,
2017-09-05-0014,NRG,BUY,364,MARKET,FILLED,
2017-09-05-0015,RCL,BUY,73,MARKET,FILLED,
2017-10-03-0001,ALGN,SELL,1,MARKET,FILLED,
2017-10-03-0002,CSX,SELL,550,MARKET,FILLED,
2017-10-03-0003,MU,SELL,44,MARKET,FILLED,
2017-10-03-0004,WDC,SELL,133,MARKET,FILLED,
2017-10-03-0005,AMD,BUY,34,MARKET,FILLED,
2017-10-03-0006,FMC,BUY,2,MARKET,FILLED,
2017-10-03-0007,LRCX,BUY,504,MARKET,FILLED,
2017-10-03-0008,RCL,BUY,5,MARKET,FILLED,
2017-10-03-0009,VRTX,BUY,61,MARKET,FILLED,
2017-11-02-0001,ALGN,SELL,9,MARKET,FILLED,
2017-11-02-0002,LRCX,SELL,22,MARKET,FILLED,
2017-11-02-0003,MU,SELL,14,MARKET,FILLED,
2017-11-02-0004,NFLX,SELL,524,MARKET,FILLED,
2017-11-02-0005,RCL,SELL,78,MARKET,FILLED,
2017-11-02-0006,AMAT,BUY,175,MARKET,FILLED,
2017-11-02-0007,AMD,BUY,161,MARKET,FILLED,
2017-11-02-0008,FMC,BUY,2,MARKET,FILLED,
2017-11-02-0009,NRG,BUY,14,MARKET,FILLED,
2017-11-02-0010,URI,BUY,68,MARKET,FILLED,
2017-11-02-0011,VRTX,BUY,7,MARKET,FILLED,
2017-12-04-0001,ALGN,SELL,3,MARKET,FILLED,
2017-12-04-0002,AMD,SELL,900,MARKET,FILLED,
2017-12-04-0003,BA,SELL,37,MARKET,FILLED,
2017-12-04-0004,FMC,SELL,123,MARKET,FILLED,
2017-12-04-0005,NRG,SELL,20,MARKET,FILLED,
2017-12-04-0006,URI,SELL,68,MARKET,FILLED,
2017-12-04-0007,ADBE,BUY,55,MARKET,FILLED,
2017-12-04-0008,ADSK,BUY,92,MARKET,FILLED,
2017-12-04-0009,AMAT,BUY,16,MARKET,FILLED,
2017-12-04-0010,ISRG,BUY,74,MARKET,FILLED,
2017-12-04-0011,LRCX,BUY,44,MARKET,FILLED,
2017-12-04-0012,MU,BUY,15,MARKET,FILLED,
2017-12-04-0013,PYPL,BUY,132,MARKET,FILLED,
2017-12-04-0014,VRTX,BUY,2,MARKET,FILLED,
2018-01-03-0001,ADBE,SELL,55,MARKET,FILLED,
2018-01-03-0002,ADSK,SELL,92,MARKET,FILLED,
2018-01-03-0003,AMAT,SELL,191,MARKET,FILLED,
2018-01-03-0004,MU,SELL,13,MARKET,FILLED,
2018-01-03-0005,NRG,SELL,14,MARKET,FILLED,
2018-01-03-0006,VRTX,SELL,5,MARKET,FILLED,
2018-01-03-0007,ALGN,BUY,6,MARKET,FILLED,
2018-01-03-0008,DHI,BUY,194,MARKET,FILLED,
2018-01-03-0009,ISRG,BUY,5,MARKET,FILLED,
2018-01-03-0010,PHM,BUY,297,MARKET,FILLED,
2018-01-03-0011,PYPL,BUY,2,MARKET,FILLED,
2018-01-03-0012,WYNN,BUY,60,MARKET,FILLED,
2018-02-02-0001,ALGN,SELL,4,MARKET,FILLED,
2018-02-02-0002,ISRG,SELL,79,MARKET,FILLED,
2018-02-02-0003,LRCX,SELL,526,MARKET,FILLED,
2018-02-02-0004,PHM,SELL,297,MARKET,FILLED,
2018-02-02-0005,PYPL,SELL,6,MARKET,FILLED,
2018-02-02-0006,VRTX,SELL,6,MARKET,FILLED,
2018-02-02-0007,ABBV,BUY,86,MARKET,FILLED,
2018-02-02-0008,BA,BUY,28,MARKET,FILLED,
2018-02-02-0009,CAT,BUY,62,MARKET,FILLED,
2018-02-02-0010,DHI,BUY,17,MARKET,FILLED,
2018-02-02-0011,MU,BUY,15,MARKET,FILLED,
2018-02-02-0012,NRG,BUY,40,MARKET,FILLED,
2018-03-02-0001,CAT,SELL,62,MARKET,FILLED,
2018-03-02-0002,DHI,SELL,211,MARKET,FILLED,
2018-03-02-0003,MU,SELL,239,MARKET,FILLED,
2018-03-02-0004,NRG,SELL,384,MARKET,FILLED,
2018-03-02-0005,PYPL,SELL,2,MARKET,FILLED,
2018-03-02-0006,WYNN,SELL,60,MARKET,FILLED,
2018-03-02-0007,BBY,BUY,131,MARKET,FILLED,
2018-03-02-0008,CPRI,BUY,157,MARKET,FILLED,
2018-03-02-0009,ISRG,BUY,71,MARKET,FILLED,
2018-03-02-0010,KORS,BUY,157,MARKET,FILLED,
2018-03-02-0011,NFLX,BUY,344,MARKET,FILLED,
2018-03-02-0012,VRTX,BUY,1,MARKET,FILLED,
2018-04-03-0001,ALGN,SELL,2,MARKET,FILLED,
2018-04-03-0002,BBY,SELL,131,MARKET,FILLED,
2018-04-03-0003,CPRI,SELL,6,MARKET,FILLED,
2018-04-03-0004,ISRG,SELL,71,MARKET,FILLED,
2018-04-03-0005,KORS,SELL,157,MARKET,FILLED,
2018-04-03-0006,NFLX,SELL,15,MARKET,FILLED,
2018-04-03-0007,VRTX,SELL,60,MARKET,FILLED,
2018-04-03-0008,ABBV,BUY,15,MARKET,FILLED,
2018-04-03-0009,AMZN,BUY,135,MARKET,FILLED,
2018-04-03-0010,IPGP,BUY,41,MARKET,FILLED,
2018-04-03-0011,NKTR,BUY,6,MARKET,FILLED,
2018-04-03-0012,TTWO,BUY,97,MARKET,FILLED,
2018-05-02-0001,ABBV,SELL,101,MARKET,FILLED,
2018-05-02-0002,AMZN,SELL,135,MARKET,FILLED,
2018-05-02-0003,CPRI,SELL,4,MARKET,FILLED,
2018-05-02-0004,NFLX,SELL,16,MARKET,FILLED,
2018-05-02-0005,PYPL,SELL,126,MARKET,FILLED,
2018-05-02-0006,TTWO,SELL,97,MARKET,FILLED,
2018-05-02-0007,BA,BUY,1,MARKET,FILLED,
2018-05-02-0008,EL,BUY,69,MARKET,FILLED,
2018-05-02-0009,KSS,BUY,157,MARKET,FILLED,
2018-05-02-0010,MU,BUY,212,MARKET,FILLED,
2018-05-02-0011,NKTR,BUY,1,MARKET,FILLED,
2018-05-02-0012,NRG,BUY,318,MARKET,FILLED,
2018-06-04-0001,ALGN,SELL,7,MARKET,FILLED,
2018-06-04-0002,EL,SELL,69,MARKET,FILLED,
2018-06-04-0003,IPGP,SELL,41,MARKET,FILLED,
2018-06-04-0004,KSS,SELL,157,MARKET,FILLED,
2018-06-04-0005,MU,SELL,212,MARKET,FILLED,
2018-06-04-0006,NFLX,SELL,21,MARKET,FILLED,
2018-06-04-0007,NRG,SELL,9,MARKET,FILLED,
2018-06-04-0008,ANDV,BUY,70,MARKET,FILLED,
2018-06-04-0009,CPRI,BUY,30,MARKET,FILLED,
2018-06-04-0010,KORS,BUY,177,MARKET,FILLED,
2018-06-04-0011,NKTR,BUY,4,MARKET,FILLED,
2018-06-04-0012,NTAP,BUY,152,MARKET,FILLED,
2018-06-04-0013,VLO,BUY,84,MARKET,FILLED,
2018-07-03-0001,ANDV,SELL,70,MARKET,FILLED,
2018-07-03-0002,CPRI,SELL,177,MARKET,FILLED,
2018-07-03-0003,KORS,SELL,177,MARKET,FILLED,
2018-07-03-0004,NFLX,SELL,30,MARKET,FILLED,
2018-07-03-0005,NTAP,SELL,152,MARKET,FILLED,
2018-07-03-0006,ADBE,BUY,42,MARKET,FILLED,
2018-07-03-0007,BA,BUY,1,MARKET,FILLED,
2018-07-03-0008,KSS,BUY,145,MARKET,FILLED,
2018-07-03-0009,MU,BUY,191,MARKET,FILLED,
2018-07-03-0010,NKTR,BUY,3,MARKET,FILLED,
2018-07-03-0011,NRG,BUY,27,MARKET,FILLED,
2018-07-03-0012,RL,BUY,82,MARKET,FILLED,
2018-07-03-0013,VLO,BUY,10,MARKET,FILLED,
2018-08-02-0001,ADBE,SELL,42,MARKET,FILLED,
2018-08-02-0002,ALGN,SELL,2,MARKET,FILLED,
2018-08-02-0003,BA,SELL,30,MARKET,FILLED,
2018-08-02-0004,KSS,SELL,145,MARKET,FILLED,
2018-08-02-0005,NKTR,SELL,1,MARKET,FILLED,
2018-08-02-0006,NRG,SELL,336,MARKET,FILLED,
2018-08-02-0007,RL,SELL,82,MARKET,FILLED,
2018-08-02-0008,VLO,SELL,94,MARKET,FILLED,
2018-08-02-0009,CPRI,BUY,159,MARKET,FILLED,
2018-08-02-0010,CPRT,BUY,724,MARKET,FILLED,
2018-08-02-0011,GWW,BUY,30,MARKET,FILLED,
2018-08-02-0012,KORS,BUY,159,MARKET,FILLED,
2018-08-02-0013,MU,BUY,10,MARKET,FILLED,
2018-08-02-0014,NFLX,BUY,47,MARKET,FILLED,
2018-08-02-0015,NTAP,BUY,133,MARKET,FILLED,
2018-08-02-0016,STX,BUY,198,MARKET,FILLED,
2018-09-05-0001,CPRI,SELL,159,MARKET,FILLED,
2018-09-05-0002,CPRT,SELL,22,MARKET,FILLED,
2018-09-05-0003,KORS,SELL,159,MARKET,FILLED,
2018-09-05-0004,MU,SELL,201,MARKET,FILLED,
2018-09-05-0005,NKTR,SELL,2,MARKET,FILLED,
2018-09-05-0006,NTAP,SELL,4,MARKET,FILLED,
2018-09-05-0007,AMZN,BUY,111,MARKET,FILLED,
2018-09-05-0008,GWW,BUY,1,MARKET,FILLED,
2018-09-05-0009,KSS,BUY,138,MARKET,FILLED,
2018-09-05-0010,M,BUY,315,MARKET,FILLED,
2018-09-05-0011,NFLX,BUY,6,MARKET,FILLED,
2018-09-05-0012,STX,BUY,32,MARKET,FILLED,
2018-10-02-0001,ALGN,SELL,2,MARKET,FILLED,
2018-10-02-0002,AMZN,SELL,3,MARKET,FILLED,
2018-10-02-0003,GWW,SELL,1,MARKET,FILLED,
2018-10-02-0004,KSS,SELL,138,MARKET,FILLED,
2018-10-02-0005,M,SELL,315,MARKET,FILLED,
2018-10-02-0006,NFLX,SELL,34,MARKET,FILLED,
2018-10-02-0007,NTAP,SELL,4,MARKET,FILLED,
2018-10-02-0008,STX,SELL,230,MARKET,FILLED,
2018-10-02-0009,ADBE,BUY,39,MARKET,FILLED,
2018-10-02-0010,AMD,BUY,351,MARKET,FILLED,
2018-10-02-0011,CPRT,BUY,122,MARKET,FILLED,
2018-10-02-0012,ILMN,BUY,30,MARKET,FILLED,
2018-10-02-0013,NKTR,BUY,1,MARKET,FILLED,
2018-11-02-0001,ADBE,SELL,39,MARKET,FILLED,
2018-11-02-0002,ALGN,SELL,27,MARKET,FILLED,
2018-11-02-0003,AMZN,SELL,108,MARKET,FILLED,
2018-11-02-0004,CPRT,SELL,824,MARKET,FILLED,
2018-11-02-0005,ILMN,SELL,30,MARKET,FILLED,
2018-11-02-0006,NFLX,SELL,4,MARKET,FILLED,
2018-11-02-0007,NTAP,SELL,14,MARKET,FILLED,
2018-11-02-0008,AAP,BUY,53,MARKET,FILLED,
2018-11-02-0009,AMD,BUY,76,MARKET,FILLED,
2018-11-02-0010,FTNT,BUY,538,MARKET,FILLED,
2018-11-02-0011,HCA,BUY,64,MARKET,FILLED,
2018-11-02-0012,KSS,BUY,114,MARKET,FILLED,
2018-11-02-0013,M,BUY,249,MARKET,FILLED,
2018-11-02-0014,NKTR,BUY,2,MARKET,FILLED,
2018-12-04-0001,AAP,SELL,5,MARKET,FILLED,
2018-12-04-0002,AMD,SELL,53,MARKET,FILLED,
2018-12-04-0003,GWW,SELL,30,MARKET,FILLED,
2018-12-04-0004,HCA,SELL,5,MARKET,FILLED,
2018-12-04-0005,M,SELL,249,MARKET,FILLED,
2018-12-04-0006,NKTR,SELL,14,MARKET,FILLED,
2018-12-04-0007,NTAP,SELL,111,MARKET,FILLED,
2018-12-04-0008,CTL,BUY,463,MARKET,FILLED,
2018-12-04-0009,FTNT,BUY,39,MARKET,FILLED,
2018-12-04-0010,KSS,BUY,15,MARKET,FILLED,
2018-12-04-0011,NFLX,BUY,25,MARKET,FILLED,
2018-12-04-0012,TRIP,BUY,135,MARKET,FILLED,
2018-12-04-0013,UA,BUY,387,MARKET,FILLED,
2018-12-04-0014,UAA,BUY,363,MARKET,FILLED,
2019-01-03-0001,AAP,SELL,2,MARKET,FILLED,
2019-01-03-0002,CTL,SELL,463,MARKET,FILLED,
2019-01-03-0003,FTNT,SELL,41,MARKET,FILLED,
2019-01-03-0004,KSS,SELL,129,MARKET,FILLED,
2019-01-03-0005,NFLX,SELL,29,MARKET,FILLED,
2019-01-03-0006,AMD,BUY,25,MARKET,FILLED,
2019-01-03-0007,BSX,BUY,215,MARKET,FILLED,
2019-01-03-0008,HCA,BUY,1,MARKET,FILLED,
2019-01-03-0009,ILMN,BUY,25,MARKET,FILLED,
2019-01-03-0010,TRIP,BUY,2,MARKET,FILLED,
2019-01-03-0011,UA,BUY,65,MARKET,FILLED,
2019-01-03-0012,UAA,BUY,54,MARKET,FILLED,
2019-02-04-0001,AMD,SELL,57,MARKET,FILLED,
2019-02-04-0002,BSX,SELL,215,MARKET,FILLED,
2019-02-04-0003,FTNT,SELL,10,MARKET,FILLED,
2019-02-04-0004,HCA,SELL,60,MARKET,FILLED,
2019-02-04-0005,ILMN,SELL,25,MARKET,FILLED,
2019-02-04-0006,NFLX,SELL,273,MARKET,FILLED,
2019-02-04-0007,UA,SELL,452,MARKET,FILLED,
2019-02-04-0008,UAA,SELL,417,MARKET,FILLED,
2019-02-04-0009,AAP,BUY,6,MARKET,FILLED,
2019-02-04-0010,CHD,BUY,127,MARKET,FILLED,
2019-02-04-0011,CMG,BUY,791,MARKET,FILLED,
2019-02-04-0012,KEYS,BUY,111,MARKET,FILLED,
2019-02-04-0013,LLY,BUY,68,MARKET,FILLED,
2019-02-04-0014,MRK,BUY,115,MARKET,FILLED,
2019-02-04-0015,NRG,BUY,205,MARKET,FILLED,
2019-02-04-0016,TRIP,BUY,7,MARKET,FILLED,
2019-03-04-0001,AAP,SELL,52,MARKET,FILLED,
2019-03-04-0002,CHD,SELL,127,MARKET,FILLED,
2019-03-04-0003,CMG,SELL,74,MARKET,FILLED,
2019-03-04-0004,FTNT,SELL,23,MARKET,FILLED,
2019-03-04-0005,KEYS,SELL,10,MARKET,FILLED,
2019-03-04-0006,MRK,SELL,115,MARKET,FILLED,
2019-03-04-0007,TRIP,SELL,144,MARKET,FILLED,
2019-03-04-0008,AES,BUY,500,MARKET,FILLED,
2019-03-04-0009,AMD,BUY,25,MARKET,FILLED,
2019-03-04-0010,O,BUY,130,MARKET,FILLED,
2019-03-04-0011,VRSN,BUY,48,MARKET,FILLED,
2019-03-04-0012,WELL,BUY,118,MARKET,FILLED,
2019-04-02-0001,AMD,SELL,24,MARKET,FILLED,
2019-04-02-0002,CMG,SELL,69,MARKET,FILLED,
2019-04-02-0003,NRG,SELL,205,MARKET,FILLED,
2019-04-02-0004,O,SELL,130,MARKET,FILLED,
2019-04-02-0005,VRSN,SELL,48,MARKET,FILLED,
2019-04-02-0006,WELL,SELL,118,MARKET,FILLED,
2019-04-02-0007,AES,BUY,6,MARKET,FILLED,
2019-04-02-0008,CDNS,BUY,140,MARKET,FILLED,
2019-04-02-0009,FTNT,BUY,29,MARKET,FILLED,
2019-04-02-0010,LLY,BUY,2,MARKET,FILLED,
2019-04-02-0011,MRK,BUY,114,MARKET,FILLED,
2019-04-02-0012,TSCO,BUY,466,MARKET,FILLED,
2019-04-02-0013,ULTA,BUY,25,MARKET,FILLED,
2019-05-02-0001,AES,SELL,506,MARKET,FILLED,
2019-05-02-0002,AMD,SELL,10,MARKET,FILLED,
2019-05-02-0003,CDNS,SELL,9,MARKET,FILLED,
2019-05-02-0004,FTNT,SELL,43,MARKET,FILLED,
2019-05-02-0005,MRK,SELL,114,MARKET,FILLED,
2019-05-02-0006,TSCO,SELL,466,MARKET,FILLED,
2019-05-02-0007,ULTA,SELL,25,MARKET,FILLED,
2019-05-02-0008,AZO,BUY,8,MARKET,FILLED,
2019-05-02-0009,CHD,BUY,122,MARKET,FILLED,
2019-05-02-0010,GRMN,BUY,111,MARKET,FILLED,
2019-05-02-0011,KEYS,BUY,3,MARKET,FILLED,
2019-05-02-0012,LLY,BUY,5,MARKET,FILLED,
2019-05-02-0013,VRSN,BUY,46,MARKET,FILLED,
2019-06-04-0001,AMD,SELL,31,MARKET,FILLED,
2019-06-04-0002,CHD,SELL,10,MARKET,FILLED,
2019-06-04-0003,GRMN,SELL,111,MARKET,FILLED,
2019-06-04-0004,KEYS,SELL,104,MARKET,FILLED,
2019-06-04-0005,LLY,SELL,75,MARKET,FILLED,
2019-06-04-0006,VRSN,SELL,1,MARKET,FILLED,
2019-06-04-0007,BLL,BUY,137,MARKET,FILLED,
2019-06-04-0008,CDNS,BUY,5,MARKET,FILLED,
2019-06-04-0009,CMG,BUY,12,MARKET,FILLED,
2019-06-04-0010,FTNT,BUY,116,MARKET,FILLED,
2019-06-04-0011,MKC,BUY,108,MARKET,FILLED,
2019-06-04-0012,QCOM,BUY,126,MARKET,FILLED,
2019-07-02-0001,BLL,SELL,5,MARKET,FILLED,
2019-07-02-0002,CDNS,SELL,9,MARKET,FILLED,
2019-07-02-0003,CHD,SELL,112,MARKET,FILLED,
2019-07-02-0004,CMG,SELL,19,MARKET,FILLED,
2019-07-02-0005,FTNT,SELL,605,MARKET,FILLED,
2019-07-02-0006,MKC,SELL,108,MARKET,FILLED,
2019-07-02-0007,QCOM,SELL,126,MARKET,FILLED,
2019-07-02-0008,VRSN,SELL,45,MARKET,FILLED,
2019-07-02-0009,AMT,BUY,45,MARKET,FILLED,
2019-07-02-0010,CINF,BUY,88,MARKET,FILLED,
2019-07-02-0011,HSY,BUY,69,MARKET,FILLED,
2019-07-02-0012,MKTX,BUY,28,MARKET,FILLED,
2019-07-02-0013,SBUX,BUY,109,MARKET,FILLED,
2019-08-02-0001,AMT,SELL,45,MARKET,FILLED,
2019-08-02-0002,CINF,SELL,88,MARKET,FILLED,
2019-08-02-0003,CMG,SELL,27,MARKET,FILLED,
2019-08-02-0004,HSY,SELL,69,MARKET,FILLED,
2019-08-02-0005,SBUX,SELL,7,MARKET,FILLED,
2019-08-02-0006,AMD,BUY,26,MARKET,FILLED,
2019-08-02-0007,CDNS,BUY,7,MARKET,FILLED,
2019-08-02-0008,KEYS,BUY,108,MARKET,FILLED,
2019-08-02-0009,MSCI,BUY,43,MARKET,FILLED,
2019-08-02-0010,SNPS,BUY,73,MARKET,FILLED,
2019-09-04-0001,AMD,SELL,328,MARKET,FILLED,
2019-09-04-0002,AZO,SELL,8,MARKET,FILLED,
2019-09-04-0003,BLL,SELL,6,MARKET,FILLED,
2019-09-04-0004,KEYS,SELL,108,MARKET,FILLED,
2019-09-04-0005,MKTX,SELL,3,MARKET,FILLED,
2019-09-04-0006,MSCI,SELL,43,MARKET,FILLED,
2019-09-04-0007,SNPS,SELL,73,MARKET,FILLED,
2019-09-04-0008,AMT,BUY,42,MARKET,FILLED,
2019-09-04-0009,CDNS,BUY,13,MARKET,FILLED,
2019-09-04-0010,EW,BUY,139,MARKET,FILLED,
2019-09-04-0011,HSY,BUY,63,MARKET,FILLED,
2019-09-04-0012,SBAC,BUY,38,MARKET,FILLED,
2019-09-04-0013,SBUX,BUY,5,MARKET,FILLED,
2019-09-04-0014,TFX,BUY,28,MARKET,FILLED,
2019-10-02-0001,CDNS,SELL,2,MARKET,FILLED,
2019-10-02-0002,CMG,SELL,47,MARKET,FILLED,
2019-10-02-0003,EW,SELL,139,MARKET,FILLED,
2019-10-02-0004,HSY,SELL,3,MARKET,FILLED,
2019-10-02-0005,TFX,SELL,28,MARKET,FILLED,
2019-10-02-0006,BLL,BUY,4,MARKET,FILLED,
2019-10-02-0007,MKTX,BUY,4,MARKET,FILLED,
2019-10-02-0008,SBAC,BUY,1,MARKET,FILLED,
2019-10-02-0009,TDG,BUY,18,MARKET,FILLED,
2019-10-02-0010,TSN,BUY,112,MARKET,FILLED,
2019-11-04-0001,AMT,SELL,42,MARKET,FILLED,
2019-11-04-0002,CDNS,SELL,145,MARKET,FILLED,
2019-11-04-0003,HSY,SELL,60,MARKET,FILLED,
2019-11-04-0004,MKTX,SELL,4,MARKET,FILLED,
2019-11-04-0005,SBAC,SELL,39,MARKET,FILLED,
2019-11-04-0006,SBUX,SELL,107,MARKET,FILLED,
2019-11-04-0007,TDG,SELL,1,MARKET,FILLED,
2019-11-04-0008,TSN,SELL,112,MARKET,FILLED,
2019-11-04-0009,AMD,BUY,266,MARKET,FILLED,
2019-11-04-0010,BLL,BUY,6,MARKET,FILLED,
2019-11-04-0011,CMG,BUY,43,MARKET,FILLED,
2019-11-04-0012,CPRT,BUY,449,MARKET,FILLED,
2019-11-04-0013,KEYS,BUY,90,MARKET,FILLED,
2019-11-04-0014,KLAC,BUY,536,MARKET,FILLED,
2019-11-04-0015,LRCX,BUY,334,MARKET,FILLED,
2019-11-04-0016,NVR,BUY,2,MARKET,FILLED,
2019-12-03-0001,AMD,SELL,15,MARKET,FILLED,
2019-12-03-0002,BLL,SELL,136,MARKET,FILLED,
2019-12-03-0003,CMG,SELL,23,MARKET,FILLED,
2019-12-03-0004,CPRT,SELL,20,MARKET,FILLED,
2019-12-03-0005,MKTX,SELL,2,MARKET,FILLED,
2019-12-03-0006,NVR,SELL,2,MARKET,FILLED,
2019-12-03-0007,TDG,SELL,17,MARKET,FILLED,
2019-12-03-0008,FLT,BUY,30,MARKET,FILLED,
2019-12-03-0009,GPN,BUY,53,MARKET,FILLED,
2019-12-03-0010,KEYS,BUY,2,MARKET,FILLED,
2019-12-03-0011,KLAC,BUY,57,MARKET,FILLED,
2019-12-03-0012,LRCX,BUY,31,MARKET,FILLED,
2019-12-03-0013,TGT,BUY,76,MARKET,FILLED,
2020-01-03-0001,AMD,SELL,43,MARKET,FILLED,
2020-01-03-0002,FLT,SELL,30,MARKET,FILLED,
2020-01-03-0003,GPN,SELL,53,MARKET,FILLED,
2020-01-03-0004,KEYS,SELL,92,MARKET,FILLED,
2020-01-03-0005,KLAC,SELL,36,MARKET,FILLED,
2020-01-03-0006,LRCX,SELL,23,MARKET,FILLED,
2020-01-03-0007,LDOS,BUY,102,MARKET,FILLED,
2020-01-03-0008,MKTX,BUY,3,MARKET,FILLED,
2020-01-03-0009,MSCI,BUY,38,MARKET,FILLED,
2020-01-03-0010,TGT,BUY,4,MARKET,FILLED,
2020-01-03-0011,XRX,BUY,274,MARKET,FILLED,
2020-02-04-0001,CMG,SELL,587,MARKET,FILLED,
2020-02-04-0002,CPRT,SELL,26,MARKET,FILLED,
2020-02-04-0003,LDOS,SELL,102,MARKET,FILLED,
2020-02-04-0004,LRCX,SELL,18,MARKET,FILLED,
2020-02-04-0005,MSCI,SELL,38,MARKET,FILLED,
2020-02-04-0006,XRX,SELL,274,MARKET,FILLED,
2020-02-04-0007,AAPL,BUY,129,MARKET,FILLED,
2020-02-04-0008,KLAC,BUY,30,MARKET,FILLED,
2020-02-04-0009,MKTX,BUY,2,MARKET,FILLED,
2020-02-04-0010,PAYC,BUY,31,MARKET,FILLED,
2020-02-04-0011,QCOM,BUY,116,MARKET,FILLED,
2020-02-04-0012,QRVO,BUY,93,MARKET,FILLED,
2020-02-04-0013,TGT,BUY,10,MARKET,FILLED,
2020-03-03-0001,AAPL,SELL,3,MARKET,FILLED,
2020-03-03-0002,AMD,SELL,13,MARKET,FILLED,
2020-03-03-0003,KLAC,SELL,587,MARKET,FILLED,
2020-03-03-0004,LRCX,SELL,5,MARKET,FILLED,
2020-03-03-0005,MKTX,SELL,28,MARKET,FILLED,
2020-03-03-0006,QRVO,SELL,93,MARKET,FILLED,
2020-03-03-0007,TGT,SELL,90,MARKET,FILLED,
2020-03-03-0008,CPRT,BUY,43,MARKET,FILLED,
2020-03-03-0009,KMX,BUY,106,MARKET,FILLED,
2020-03-03-0010,PAYC,BUY,1,MARKET,FILLED,
2020-03-03-0011,PHM,BUY,227,MARKET,FILLED,
2020-03-03-0012,QCOM,BUY,2,MARKET,FILLED,
2020-03-03-0013,RMD,BUY,56,MARKET,FILLED,
2020-03-03-0014,TDG,BUY,16,MARKET,FILLED,
2020-04-02-0001,AAPL,SELL,15,MARKET,FILLED,
2020-04-02-0002,AMD,SELL,41,MARKET,FILLED,
2020-04-02-0003,CPRT,SELL,446,MARKET,FILLED,
2020-04-02-0004,KMX,SELL,106,MARKET,FILLED,
2020-04-02-0005,LRCX,SELL,15,MARKET,FILLED,
2020-04-02-0006,QCOM,SELL,118,MARKET,FILLED,
2020-04-02-0007,RMD,SELL,9,MARKET,FILLED,
2020-04-02-0008,TDG,SELL,16,MARKET,FILLED,
2020-04-02-0009,AMAT,BUY,157,MARKET,FILLED,
2020-04-02-0010,LDOS,BUY,77,MARKET,FILLED,
2020-04-02-0011,MSCI,BUY,24,MARKET,FILLED,
2020-04-02-0012,PAYC,BUY,4,MARKET,FILLED,
2020-04-02-0013,PHM,BUY,96,MARKET,FILLED,
2020-04-02-0014,SBAC,BUY,25,MARKET,FILLED,
2020-05-04-0001,AAPL,SELL,111,MARKET,FILLED,
2020-05-04-0002,AMAT,SELL,157,MARKET,FILLED,
2020-05-04-0003,LDOS,SELL,77,MARKET,FILLED,
2020-05-04-0004,LRCX,SELL,304,MARKET,FILLED,
2020-05-04-0005,MSCI,SELL,24,MARKET,FILLED,
2020-05-04-0006,PAYC,SELL,36,MARKET,FILLED,
2020-05-04-0007,PHM,SELL,323,MARKET,FILLED,
2020-05-04-0008,BIIB,BUY,26,MARKET,FILLED,
2020-05-04-0009,DVA,BUY,102,MARKET,FILLED,
2020-05-04-0010,EQIX,BUY,11,MARKET,FILLED,
2020-05-04-0011,NEM,BUY,125,MARKET,FILLED,
2020-05-04-0012,REGN,BUY,14,MARKET,FILLED,
2020-05-04-0013,RMD,BUY,1,MARKET,FILLED,
2020-05-04-0014,SBAC,BUY,1,MARKET,FILLED,
2020-05-04-0015,TGT,BUY,72,MARKET,FILLED,
2020-05-04-0016,VRTX,BUY,30,MARKET,FILLED,
2020-06-02-0001,BIIB,SELL,26,MARKET,FILLED,
2020-06-02-0002,EQIX,SELL,11,MARKET,FILLED,
2020-06-02-0003,REGN,SELL,1,MARKET,FILLED,
2020-06-02-0004,RMD,SELL,48,MARKET,FILLED,
2020-06-02-0005,SBAC,SELL,26,MARKET,FILLED,
2020-06-02-0006,TGT,SELL,72,MARKET,FILLED,
2020-06-02-0007,VRTX,SELL,30,MARKET,FILLED,
2020-06-02-0008,AAPL,BUY,102,MARKET,FILLED,
2020-06-02-0009,DXCM,BUY,87,MARKET,FILLED,
2020-06-02-0010,KLAC,BUY,470,MARKET,FILLED,
2020-06-02-0011,NEM,BUY,10,MARKET,FILLED,
2020-06-02-0012,ODFL,BUY,97,MARKET,FILLED,
2020-06-02-0013,QRVO,BUY,77,MARKET,FILLED,
2020-06-02-0014,WST,BUY,39,MARKET,FILLED,
2020-07-02-0001,AAPL,SELL,9,MARKET,FILLED,
2020-07-02-0002,DVA,SELL,102,MARKET,FILLED,
2020-07-02-0003,DXCM,SELL,2,MARKET,FILLED,
2020-07-02-0004,KLAC,SELL,470,MARKET,FILLED,
2020-07-02-0005,NEM,SELL,135,MARKET,FILLED,
2020-07-02-0006,WST,SELL,1,MARKET,FILLED,
2020-07-02-0007,AMD,BUY,8,MARKET,FILLED,
2020-07-02-0008,FTNT,BUY,306,MARKET,FILLED,
2020-07-02-0009,ODFL,BUY,4,MARKET,FILLED,
2020-07-02-0010,QRVO,BUY,1,MARKET,FILLED,
2020-07-02-0011,REGN,BUY,1,MARKET,FILLED,
2020-07-02-0012,TYL,BUY,24,MARKET,FILLED,
2020-07-02-0013,VRTX,BUY,29,MARKET,FILLED,
2020-08-04-0001,AAPL,SELL,4,MARKET,FILLED,
2020-08-04-0002,AMD,SELL,38,MARKET,FILLED,
2020-08-04-0003,FTNT,SELL,306,MARKET,FILLED,
2020-08-04-0004,ODFL,SELL,101,MARKET,FILLED,
2020-08-04-0005,QRVO,SELL,78,MARKET,FILLED,
2020-08-04-0006,TYL,SELL,24,MARKET,FILLED,
2020-08-04-0007,WST,SELL,3,MARKET,FILLED,
2020-08-04-0008,DXCM,BUY,3,MARKET,FILLED,
2020-08-04-0009,NEM,BUY,142,MARKET,FILLED,
2020-08-04-0010,NVDA,BUY,880,MARKET,FILLED,
2020-08-04-0011,PYPL,BUY,49,MARKET,FILLED,
2020-08-04-0012,SWKS,BUY,65,MARKET,FILLED,
2020-08-04-0013,VRTX,BUY,5,MARKET,FILLED,
2020-09-02-0001,AAPL,SELL,14,MARKET,FILLED,
2020-09-02-0002,AMD,SELL,13,MARKET,FILLED,
2020-09-02-0003,NEM,SELL,142,MARKET,FILLED,
2020-09-02-0004,NVDA,SELL,170,MARKET,FILLED,
2020-09-02-0005,VRTX,SELL,34,MARKET,FILLED,
2020-09-02-0006,DXCM,BUY,10,MARKET,FILLED,
2020-09-02-0007,LRCX,BUY,301,MARKET,FILLED,
2020-09-02-0008,QRVO,BUY,78,MARKET,FILLED,
2020-09-02-0009,REGN,BUY,3,MARKET,FILLED,
2020-09-02-0010,SWKS,BUY,5,MARKET,FILLED,
2020-09-02-0011,WST,BUY,1,MARKET,FILLED,
2020-10-02-0001,LRCX,SELL,301,MARKET,FILLED,
2020-10-02-0002,QRVO,SELL,78,MARKET,FILLED,
2020-10-02-0003,SWKS,SELL,70,MARKET,FILLED,
2020-10-02-0004,WST,SELL,1,MARKET,FILLED,
2020-10-02-0005,AAPL,BUY,10,MARKET,FILLED,
2020-10-02-0006,AMD,BUY,6,MARKET,FILLED,
2020-10-02-0007,AMZN,BUY,61,MARKET,FILLED,
2020-10-02-0008,ETSY,BUY,76,MARKET,FILLED,
2020-10-02-0009,NFLX,BUY,187,MARKET,FILLED,
2020-10-02-0010,NVDA,BUY,22,MARKET,FILLED,
2020-10-02-0011,PYPL,BUY,1,MARKET,FILLED,
2020-11-03-0001,AAPL,SELL,2,MARKET,FILLED,
2020-11-03-0002,AMZN,SELL,61,MARKET,FILLED,
2020-11-03-0003,ETSY,SELL,5,MARKET,FILLED,
2020-11-03-0004,NVDA,SELL,12,MARKET,FILLED,
2020-11-03-0005,REGN,SELL,1,MARKET,FILLED,
2020-11-03-0006,WST,SELL,2,MARKET,FILLED,
2020-11-03-0007,AMD,BUY,4,MARKET,FILLED,
2020-11-03-0008,DXCM,BUY,18,MARKET,FILLED,
2020-11-03-0009,NOW,BUY,95,MARKET,FILLED,
2020-11-03-0010,PYPL,BUY,1,MARKET,FILLED,
2020-12-02-0001,AAPL,SELL,83,MARKET,FILLED,
2020-12-02-0002,AMD,SELL,14,MARKET,FILLED,
2020-12-02-0003,DXCM,SELL,116,MARKET,FILLED,
2020-12-02-0004,ETSY,SELL,6,MARKET,FILLED,
2020-12-02-0005,NFLX,SELL,187,MARKET,FILLED,
2020-12-02-0006,NOW,SELL,1,MARKET,FILLED,
2020-12-02-0007,PYPL,SELL,5,MARKET,FILLED,
2020-12-02-0008,REGN,SELL,16,MARKET,FILLED,
2020-12-02-0009,AMZN,BUY,61,MARKET,FILLED,
2020-12-02-0010,FDX,BUY,43,MARKET,FILLED,
2020-12-02-0011,IDXX,BUY,21,MARKET,FILLED,
2020-12-02-0012,NVDA,BUY,26,MARKET,FILLED,
2020-12-02-0013,POOL,BUY,28,MARKET,FILLED,
2020-12-02-0014,WST,BUY,3,MARKET,FILLED,
2021-01-05-0001,AMZN,SELL,61,MARKET,FILLED,
2021-01-05-0002,ETSY,SELL,6,MARKET,FILLED,
2021-01-05-0003,IDXX,SELL,21,MARKET,FILLED,
2021-01-05-0004,POOL,SELL,28,MARKET,FILLED,
2021-01-05-0005,PYPL,SELL,3,MARKET,FILLED,
2021-01-05-0006,WST,SELL,1,MARKET,FILLED,
2021-01-05-0007,ALB,BUY,65,MARKET,FILLED,
2021-01-05-0008,AMD,BUY,2,MARKET,FILLED,
2021-01-05-0009,FCX,BUY,371,MARKET,FILLED,
2021-01-05-0010,FDX,BUY,6,MARKET,FILLED,
2021-01-05-0011,NOW,BUY,1,MARKET,FILLED,
2021-01-05-0012,NVDA,BUY,23,MARKET,FILLED,
2021-01-05-0013,TSLA,BUY,41,MARKET,FILLED,
2021-02-02-0001,ALB,SELL,2,MARKET,FILLED,
2021-02-02-0002,ETSY,SELL,8,MARKET,FILLED,
2021-02-02-0003,FDX,SELL,49,MARKET,FILLED,
2021-02-02-0004,NOW,SELL,95,MARKET,FILLED,
2021-02-02-0005,TSLA,SELL,3,MARKET,FILLED,
2021-02-02-0006,WST,SELL,35,MARKET,FILLED,
2021-02-02-0007,ALGN,BUY,19,MARKET,FILLED,
2021-02-02-0008,AMD,BUY,12,MARKET,FILLED,
2021-02-02-0009,CDNS,BUY,79,MARKET,FILLED,
2021-02-02-0010,ENPH,BUY,56,MARKET,FILLED,
2021-02-02-0011,FCX,BUY,8,MARKET,FILLED,
2021-02-02-0012,NVDA,BUY,32,MARKET,FILLED,
2021-02-02-0013,PYPL,BUY,1,MARKET,FILLED,
2021-03-02-0001,AMD,SELL,121,MARKET,FILLED,
2021-03-02-0002,CDNS,SELL,79,MARKET,FILLED,
2021-03-02-0003,ETSY,SELL,6,MARKET,FILLED,
2021-03-02-0004,FCX,SELL,59,MARKET,FILLED,
2021-03-02-0005,NVDA,SELL,801,MARKET,FILLED,
2021-03-02-0006,PYPL,SELL,4,MARKET,FILLED,
2021-03-02-0007,ALB,BUY,9,MARKET,FILLED,
2021-03-02-0008,ENPH,BUY,4,MARKET,FILLED,
2021-03-02-0009,MPWR,BUY,28,MARKET,FILLED,
2021-03-02-0010,QCOM,BUY,79,MARKET,FILLED,
2021-03-02-0011,TER,BUY,83,MARKET,FILLED,
2021-03-02-0012,TSLA,BUY,8,MARKET,FILLED,
2021-04-05-0001,ALB,SELL,72,MARKET,FILLED,
2021-04-05-0002,ALGN,SELL,19,MARKET,FILLED,
2021-04-05-0003,FCX,SELL,13,MARKET,FILLED,
2021-04-05-0004,MPWR,SELL,28,MARKET,FILLED,
2021-04-05-0005,PYPL,SELL,40,MARKET,FILLED,
2021-04-05-0006,QCOM,SELL,79,MARKET,FILLED,
2021-04-05-0007,TER,SELL,83,MARKET,FILLED,
2021-04-05-0008,TSLA,SELL,1,MARKET,FILLED,
2021-04-05-0009,APA,BUY,566,MARKET,FILLED,
2021-04-05-0010,CZR,BUY,115,MARKET,FILLED,
2021-04-05-0011,ENPH,BUY,4,MARKET,FILLED,
2021-04-05-0012,ETSY,BUY,5,MARKET,FILLED,
2021-04-05-0013,GNRC,BUY,32,MARKET,FILLED,
2021-04-05-0014,PENN,BUY,96,MARKET,FILLED,
2021-04-05-0015,RCL,BUY,119,MARKET,FILLED,
2021-04-05-0016,TPR,BUY,256,MARKET,FILLED,
2021-05-04-0001,APA,SELL,566,MARKET,FILLED,
2021-05-04-0002,CZR,SELL,5,MARKET,FILLED,
2021-05-04-0003,FCX,SELL,39,MARKET,FILLED,
2021-05-04-0004,RCL,SELL,119,MARKET,FILLED,
2021-05-04-0005,TPR,SELL,256,MARKET,FILLED,
2021-05-04-0006,AMAT,BUY,80,MARKET,FILLED,
2021-05-04-0007,ENPH,BUY,14,MARKET,FILLED,
2021-05-04-0008,ETSY,BUY,6,MARKET,FILLED,
2021-05-04-0009,IVZ,BUY,383,MARKET,FILLED,
2021-05-04-0010,MOS,BUY,318,MARKET,FILLED,
2021-05-04-0011,PENN,BUY,21,MARKET,FILLED,
2021-05-04-0012,TSLA,BUY,1,MARKET,FILLED,
2021-06-02-0001,AMAT,SELL,80,MARKET,FILLED,
2021-06-02-0002,CZR,SELL,13,MARKET,FILLED,
2021-06-02-0003,ENPH,SELL,78,MARKET,FILLED,
2021-06-02-0004,ETSY,SELL,56,MARKET,FILLED,
2021-06-02-0005,FCX,SELL,24,MARKET,FILLED,
2021-06-02-0006,MOS,SELL,34,MARKET,FILLED,
2021-06-02-0007,GNRC,BUY,1,MARKET,FILLED,
2021-06-02-0008,PENN,BUY,15,MARKET,FILLED,
2021-06-02-0009,PWR,BUY,111,MARKET,FILLED,
2021-06-02-0010,TPR,BUY,239,MARKET,FILLED,
2021-06-02-0011,TSLA,BUY,5,MARKET,FILLED,
2021-06-02-0012,UAA,BUY,463,MARKET,FILLED,
2021-07-02-0001,GNRC,SELL,33,MARKET,FILLED,
2021-07-02-0002,PENN,SELL,132,MARKET,FILLED,
2021-07-02-0003,PWR,SELL,111,MARKET,FILLED,
2021-07-02-0004,TSLA,SELL,5,MARKET,FILLED,
2021-07-02-0005,UAA,SELL,463,MARKET,FILLED,
2021-07-02-0006,COF,BUY,66,MARKET,FILLED,
2021-07-02-0007,CZR,BUY,3,MARKET,FILLED,
2021-07-02-0008,DVN,BUY,349,MARKET,FILLED,
2021-07-02-0009,ENPH,BUY,56,MARKET,FILLED,
2021-07-02-0010,FCX,BUY,35,MARKET,FILLED,
2021-07-02-0011,IVZ,BUY,4,MARKET,FILLED,
2021-07-02-0012,MOS,BUY,44,MARKET,FILLED,
2021-07-02-0013,NUE,BUY,107,MARKET,FILLED,
2021-07-02-0014,TPR,BUY,5,MARKET,FILLED,
2021-08-03-0001,COF,SELL,66,MARKET,FILLED,
2021-08-03-0002,ENPH,SELL,3,MARKET,FILLED,
2021-08-03-0003,MOS,SELL,328,MARKET,FILLED,
2021-08-03-0004,NUE,SELL,107,MARKET,FILLED,
2021-08-03-0005,TPR,SELL,8,MARKET,FILLED,
2021-08-03-0006,TSLA,SELL,46,MARKET,FILLED,
2021-08-03-0007,CZR,BUY,16,MARKET,FILLED,
2021-08-03-0008,DVN,BUY,50,MARKET,FILLED,
2021-08-03-0009,FANG,BUY,133,MARKET,FILLED,
2021-08-03-0010,GNRC,BUY,25,MARKET,FILLED,
2021-08-03-0011,IVZ,BUY,23,MARKET,FILLED,
2021-08-03-0012,MGM,BUY,269,MARKET,FILLED,
2021-08-03-0013,MRNA,BUY,28,MARKET,FILLED,
2021-09-02-0001,CZR,SELL,116,MARKET,FILLED,
2021-09-02-0002,DVN,SELL,26,MARKET,FILLED,
2021-09-02-0003,FANG,SELL,133,MARKET,FILLED,
2021-09-02-0004,FCX,SELL,279,MARKET,FILLED,
2021-09-02-0005,GNRC,SELL,25,MARKET,FILLED,
2021-09-02-0006,MGM,SELL,269,MARKET,FILLED,
2021-09-02-0007,MRNA,SELL,1,MARKET,FILLED,
2021-09-02-0008,ALGN,BUY,14,MARKET,FILLED,
2021-09-02-0009,AMAT,BUY,79,MARKET,FILLED,
2021-09-02-0010,BBWI,BUY,160,MARKET,FILLED,
2021-09-02-0011,COF,BUY,65,MARKET,FILLED,
2021-09-02-0012,ENPH,BUY,6,MARKET,FILLED,
2021-09-02-0013,IVZ,BUY,11,MARKET,FILLED,
2021-09-02-0014,NUE,BUY,91,MARKET,FILLED,
2021-09-02-0015,TPR,BUY,26,MARKET,FILLED,
2021-10-04-0001,ALGN,SELL,14,MARKET,FILLED,
2021-10-04-0002,AMAT,SELL,79,MARKET,FILLED,
2021-10-04-0003,COF,SELL,65,MARKET,FILLED,
2021-10-04-0004,DVN,SELL,102,MARKET,FILLED,
2021-10-04-0005,ENPH,SELL,59,MARKET,FILLED,
2021-10-04-0006,IVZ,SELL,421,MARKET,FILLED,
2021-10-04-0007,ALB,BUY,46,MARKET,FILLED,
2021-10-04-0008,FANG,BUY,101,MARKET,FILLED,
2021-10-04-0009,FTNT,BUY,173,MARKET,FILLED,
2021-10-04-0010,IT,BUY,33,MARKET,FILLED,
2021-10-04-0011,MRNA,BUY,5,MARKET,FILLED,
2021-10-04-0012,NUE,BUY,12,MARKET,FILLED,
2021-10-04-0013,OXY,BUY,321,MARKET,FILLED,
2021-10-04-0014,TPR,BUY,4,MARKET,FILLED,
2021-11-02-0001,ALB,SELL,46,MARKET,FILLED,
2021-11-02-0002,BBWI,SELL,160,MARKET,FILLED,
2021-11-02-0003,IT,SELL,2,MARKET,FILLED,
2021-11-02-0004,NUE,SELL,103,MARKET,FILLED,
2021-11-02-0005,TPR,SELL,266,MARKET,FILLED,
2021-11-02-0006,APA,BUY,419,MARKET,FILLED,
2021-11-02-0007,COP,BUY,151,MARKET,FILLED,
2021-11-02-0008,CZR,BUY,101,MARKET,FILLED,
2021-11-02-0009,EOG,BUY,121,MARKET,FILLED,
2021-11-02-0010,FANG,BUY,1,MARKET,FILLED,
2021-11-02-0011,MRNA,BUY,1,MARKET,FILLED,
2021-11-02-0012,OXY,BUY,6,MARKET,FILLED,
2021-12-02-0001,APA,SELL,19,MARKET,FILLED,
2021-12-02-0002,COP,SELL,151,MARKET,FILLED,
2021-12-02-0003,CZR,SELL,101,MARKET,FILLED,
2021-12-02-0004,DVN,SELL,21,MARKET,FILLED,
2021-12-02-0005,EOG,SELL,2,MARKET,FILLED,
2021-12-02-0006,FANG,SELL,3,MARKET,FILLED,
2021-12-02-0007,FTNT,SELL,8,MARKET,FILLED,
2021-12-02-0008,BBWI,BUY,140,MARKET,FILLED,
2021-12-02-0009,GNRC,BUY,25,MARKET,FILLED,
2021-12-02-0010,IT,BUY,1,MARKET,FILLED,
2021-12-02-0011,OXY,BUY,25,MARKET,FILLED,
2022-01-04-0001,APA,SELL,400,MARKET,FILLED,
2022-01-04-0002,DVN,SELL,25,MARKET,FILLED,
2022-01-04-0003,EOG,SELL,119,MARKET,FILLED,
2022-01-04-0004,FANG,SELL,7,MARKET,FILLED,
2022-01-04-0005,FTNT,SELL,8,MARKET,FILLED,
2022-01-04-0006,GNRC,SELL,25,MARKET,FILLED,
2022-01-04-0007,OXY,SELL,352,MARKET,FILLED,
2022-01-04-0008,BBWI,BUY,9,MARKET,FILLED,
2022-01-04-0009,EXR,BUY,47,MARKET,FILLED,
2022-01-04-0010,F,BUY,462,MARKET,FILLED,
2022-01-04-0011,MRNA,BUY,11,MARKET,FILLED,
2022-01-04-0012,NUE,BUY,91,MARKET,FILLED,
2022-01-04-0013,NVDA,BUY,343,MARKET,FILLED,
2022-02-02-0001,DVN,SELL,39,MARKET,FILLED,
2022-02-02-0002,FANG,SELL,18,MARKET,FILLED,
2022-02-02-0003,MRNA,SELL,44,MARKET,FILLED,
2022-02-02-0004,BBWI,BUY,17,MARKET,FILLED,
2022-02-02-0005,EOG,BUY,86,MARKET,FILLED,
2022-02-02-0006,EXR,BUY,1,MARKET,FILLED,
2022-02-02-0007,NVDA,BUY,32,MARKET,FILLED,
2022-03-02-0001,BBWI,SELL,166,MARKET,FILLED,
2022-03-02-0002,DVN,SELL,22,MARKET,FILLED,
2022-03-02-0003,EOG,SELL,3,MARKET,FILLED,
2022-03-02-0004,EXR,SELL,48,MARKET,FILLED,
2022-03-02-0005,F,SELL,462,MARKET,FILLED,
2022-03-02-0006,FANG,SELL,4,MARKET,FILLED,
2022-03-02-0007,FTNT,SELL,157,MARKET,FILLED,
2022-03-02-0008,IT,SELL,32,MARKET,FILLED,
2022-03-02-0009,NUE,SELL,17,MARKET,FILLED,
2022-03-02-0010,ANET,BUY,332,MARKET,FILLED,
2022-03-02-0011,APA,BUY,259,MARKET,FILLED,
2022-03-02-0012,AZO,BUY,5,MARKET,FILLED,
2022-03-02-0013,COP,BUY,100,MARKET,FILLED,
2022-03-02-0014,NVDA,BUY,40,MARKET,FILLED,
2022-03-02-0015,PFE,BUY,213,MARKET,FILLED,
2022-04-04-0001,ANET,SELL,332,MARKET,FILLED,
2022-04-04-0002,APA,SELL,11,MARKET,FILLED,
2022-04-04-0003,AZO,SELL,5,MARKET,FILLED,
2022-04-04-0004,NUE,SELL,3,MARKET,FILLED,
2022-04-04-0005,NVDA,SELL,415,MARKET,FILLED,
2022-04-04-0006,PFE,SELL,213,MARKET,FILLED,
2022-04-04-0007,CF,BUY,104,MARKET,FILLED,
2022-04-04-0008,COP,BUY,5,MARKET,FILLED,
2022-04-04-0009,DVN,BUY,9,MARKET,FILLED,
2022-04-04-0010,EOG,BUY,4,MARKET,FILLED,
2022-04-04-0011,FANG,BUY,6,MARKET,FILLED,
2022-04-04-0012,FTNT,BUY,155,MARKET,FILLED,
2022-04-04-0013,MOS,BUY,159,MARKET,FILLED,
2022-04-04-0014,OXY,BUY,181,MARKET,FILLED,
2022-05-03-0001,DVN,SELL,7,MARKET,FILLED,
2022-05-03-0002,EOG,SELL,87,MARKET,FILLED,
2022-05-03-0003,FANG,SELL,76,MARKET,FILLED,
2022-05-03-0004,FTNT,SELL,155,MARKET,FILLED,
2022-05-03-0005,NUE,SELL,4,MARKET,FILLED,
2022-05-03-0006,OXY,SELL,6,MARKET,FILLED,
2022-05-03-0007,ANET,BUY,357,MARKET,FILLED,
2022-05-03-0008,HAL,BUY,279,MARKET,FILLED,
2022-05-03-0009,MOS,BUY,8,MARKET,FILLED,
2022-05-03-0010,NVDA,BUY,520,MARKET,FILLED,
2022-06-02-0001,ANET,SELL,357,MARKET,FILLED,
2022-06-02-0002,APA,SELL,21,MARKET,FILLED,
2022-06-02-0003,COP,SELL,11,MARKET,FILLED,
2022-06-02-0004,DVN,SELL,24,MARKET,FILLED,
2022-06-02-0005,HAL,SELL,279,MARKET,FILLED,
2022-06-02-0006,NUE,SELL,67,MARKET,FILLED,
2022-06-02-0007,NVDA,SELL,520,MARKET,FILLED,
2022-06-02-0008,OXY,SELL,21,MARKET,FILLED,
2022-06-02-0009,CF,BUY,8,MARKET,FILLED,
2022-06-02-0010,CVX,BUY,61,MARKET,FILLED,
2022-06-02-0011,DLTR,BUY,66,MARKET,FILLED,
2022-06-02-0012,FANG,BUY,70,MARKET,FILLED,
2022-06-02-0013,MCK,BUY,33,MARKET,FILLED,
2022-06-02-0014,MOS,BUY,13,MARKET,FILLED,
2022-07-05-0001,CF,SELL,5,MARKET,FILLED,
2022-07-05-0002,CVX,SELL,61,MARKET,FILLED,
2022-07-05-0003,DLTR,SELL,66,MARKET,FILLED,
2022-07-05-0004,FANG,SELL,70,MARKET,FILLED,
2022-07-05-0005,MCK,SELL,33,MARKET,FILLED,
2022-07-05-0006,OXY,SELL,4,MARKET,FILLED,
2022-07-05-0007,APA,BUY,32,MARKET,FILLED,
2022-07-05-0008,COP,BUY,5,MARKET,FILLED,
2022-07-05-0009,DVN,BUY,23,MARKET,FILLED,
2022-07-05-0010,EOG,BUY,81,MARKET,FILLED,
2022-07-05-0011,HAL,BUY,292,MARKET,FILLED,
2022-07-05-0012,MOS,BUY,17,MARKET,FILLED,
2022-07-05-0013,MPC,BUY,107,MARKET,FILLED,
2022-07-05-0014,VLO,BUY,84,MARKET,FILLED,
2022-08-02-0001,CF,SELL,7,MARKET,FILLED,
2022-08-02-0002,DVN,SELL,11,MARKET,FILLED,
2022-08-02-0003,HAL,SELL,292,MARKET,FILLED,
2022-08-02-0004,MOS,SELL,197,MARKET,FILLED,
2022-08-02-0005,MPC,SELL,107,MARKET,FILLED,
2022-08-02-0006,OXY,SELL,5,MARKET,FILLED,
2022-08-02-0007,APA,BUY,4,MARKET,FILLED,
2022-08-02-0008,EOG,BUY,6,MARKET,FILLED,
2022-08-02-0009,FANG,BUY,75,MARKET,FILLED,
2022-08-02-0010,MCK,BUY,27,MARKET,FILLED,
2022-08-02-0011,XOM,BUY,99,MARKET,FILLED,
2022-09-02-0001,CF,SELL,2,MARKET,FILLED,
2022-09-02-0002,COP,SELL,5,MARKET,FILLED,
2022-09-02-0003,DVN,SELL,8,MARKET,FILLED,
2022-09-02-0004,EOG,SELL,3,MARKET,FILLED,
2022-09-02-0005,MCK,SELL,27,MARKET,FILLED,
2022-09-02-0006,DLTR,BUY,74,MARKET,FILLED,
2022-09-02-0007,FANG,BUY,1,MARKET,FILLED,
2022-09-02-0008,VLO,BUY,6,MARKET,FILLED,
2022-09-02-0009,XOM,BUY,7,MARKET,FILLED,
2022-10-04-0001,COP,SELL,4,MARKET,FILLED,
2022-10-04-0002,DLTR,SELL,74,MARKET,FILLED,
2022-10-04-0003,EOG,SELL,84,MARKET,FILLED,
2022-10-04-0004,FANG,SELL,76,MARKET,FILLED,
2022-10-04-0005,VLO,SELL,90,MARKET,FILLED,
2022-10-04-0006,CF,BUY,1,MARKET,FILLED,
2022-10-04-0007,DVN,BUY,5,MARKET,FILLED,
2022-10-04-0008,ENPH,BUY,34,MARKET,FILLED,
2022-10-04-0009,EQT,BUY,236,MARKET,FILLED,
2022-10-04-0010,MCK,BUY,29,MARKET,FILLED,
2022-10-04-0011,OXY,BUY,10,MARKET,FILLED,
2022-10-04-0012,VRTX,BUY,33,MARKET,FILLED,
2022-10-04-0013,XOM,BUY,2,MARKET,FILLED,
2022-11-02-0001,APA,SELL,263,MARKET,FILLED,
2022-11-02-0002,COP,SELL,3,MARKET,FILLED,
2022-11-02-0003,DVN,SELL,5,MARKET,FILLED,
2022-11-02-0004,ENPH,SELL,34,MARKET,FILLED,
2022-11-02-0005,OXY,SELL,4,MARKET,FILLED,
2022-11-02-0006,XOM,SELL,9,MARKET,FILLED,
2022-11-02-0007,CF,BUY,5,MARKET,FILLED,
2022-11-02-0008,EQT,BUY,34,MARKET,FILLED,
2022-11-02-0009,MPC,BUY,92,MARKET,FILLED,
2022-11-02-0010,VLO,BUY,85,MARKET,FILLED,
2022-11-02-0011,VRTX,BUY,2,MARKET,FILLED,
2022-12-02-0001,EQT,SELL,5,MARKET,FILLED,
2022-12-02-0002,MCK,SELL,29,MARKET,FILLED,
2022-12-02-0003,MPC,SELL,2,MARKET,FILLED,
2022-12-02-0004,VLO,SELL,3,MARKET,FILLED,
2022-12-02-0005,VRTX,SELL,35,MARKET,FILLED,
2022-12-02-0006,APA,BUY,233,MARKET,FILLED,
2022-12-02-0007,COP,BUY,1,MARKET,FILLED,
2022-12-02-0008,DVN,BUY,12,MARKET,FILLED,
2022-12-02-0009,OXY,BUY,7,MARKET,FILLED,
2022-12-02-0010,SLB,BUY,209,MARKET,FILLED,
2023-01-04-0001,APA,SELL,8,MARKET,FILLED,
2023-01-04-0002,CF,SELL,104,MARKET,FILLED,
2023-01-04-0003,COP,SELL,2,MARKET,FILLED,
2023-01-04-0004,DVN,SELL,158,MARKET,FILLED,
2023-01-04-0005,MPC,SELL,3,MARKET,FILLED,
2023-01-04-0006,SLB,SELL,20,MARKET,FILLED,
2023-01-04-0007,VLO,SELL,1,MARKET,FILLED,
2023-01-04-0008,XOM,SELL,8,MARKET,FILLED,
2023-01-04-0009,EQT,BUY,36,MARKET,FILLED,
2023-01-04-0010,FSLR,BUY,65,MARKET,FILLED,
2023-01-04-0011,STLD,BUY,100,MARKET,FILLED,
2023-02-02-0001,APA,SELL,225,MARKET,FILLED,
2023-02-02-0002,COP,SELL,86,MARKET,FILLED,
2023-02-02-0003,FSLR,SELL,6,MARKET,FILLED,
2023-02-02-0004,SLB,SELL,189,MARKET,FILLED,
2023-02-02-0005,STLD,SELL,16,MARKET,FILLED,
2023-02-02-0006,VLO,SELL,3,MARKET,FILLED,
2023-02-02-0007,XOM,SELL,91,MARKET,FILLED,
2023-02-02-0008,CAH,BUY,137,MARKET,FILLED,
2023-02-02-0009,CEG,BUY,123,MARKET,FILLED,
2023-02-02-0010,ENPH,BUY,45,MARKET,FILLED,
2023-02-02-0011,EQT,BUY,33,MARKET,FILLED,
2023-02-02-0012,LLY,BUY,31,MARKET,FILLED,
2023-02-02-0013,OXY,BUY,9,MARKET,FILLED,
2023-03-02-0001,ENPH,SELL,45,MARKET,FILLED,
2023-03-02-0002,EQT,SELL,334,MARKET,FILLED,
2023-03-02-0003,FSLR,SELL,6,MARKET,FILLED,
2023-03-02-0004,LLY,SELL,31,MARKET,FILLED,
2023-03-02-0005,MPC,SELL,6,MARKET,FILLED,
2023-03-02-0006,STLD,SELL,3,MARKET,FILLED,
2023-03-02-0007,VLO,SELL,3,MARKET,FILLED,
2023-03-02-0008,CEG,BUY,17,MARKET,FILLED,
2023-03-02-0009,EPAM,BUY,34,MARKET,FILLED,
2023-03-02-0010,LW,BUY,103,MARKET,FILLED,
2023-03-02-0011,OXY,BUY,8,MARKET,FILLED,
2023-03-02-0012,XOM,BUY,94,MARKET,FILLED,
2023-04-04-0001,CAH,SELL,137,MARKET,FILLED,
2023-04-04-0002,CEG,SELL,2,MARKET,FILLED,
2023-04-04-0003,EPAM,SELL,34,MARKET,FILLED,
2023-04-04-0004,FSLR,SELL,2,MARKET,FILLED,
2023-04-04-0005,LW,SELL,2,MARKET,FILLED,
2023-04-04-0006,MPC,SELL,2,MARKET,FILLED,
2023-04-04-0007,OXY,SELL,175,MARKET,FILLED,
2023-04-04-0008,XOM,SELL,94,MARKET,FILLED,
2023-04-04-0009,ACGL,BUY,154,MARKET,FILLED,
2023-04-04-0010,FICO,BUY,15,MARKET,FILLED,
2023-04-04-0011,LVS,BUY,182,MARKET,FILLED,
2023-04-04-0012,STLD,BUY,13,MARKET,FILLED,
2023-04-04-0013,VLO,BUY,2,MARKET,FILLED,
2023-04-04-0014,WYNN,BUY,94,MARKET,FILLED,
2023-05-02-0001,ACGL,SELL,15,MARKET,FILLED,
2023-05-02-0002,CEG,SELL,138,MARKET,FILLED,
2023-05-02-0003,FICO,SELL,1,MARKET,FILLED,
2023-05-02-0004,LVS,SELL,19,MARKET,FILLED,
2023-05-02-0005,LW,SELL,7,MARKET,FILLED,
2023-05-02-0006,STLD,SELL,94,MARKET,FILLED,
2023-05-02-0007,VLO,SELL,77,MARKET,FILLED,
2023-05-02-0008,WYNN,SELL,3,MARKET,FILLED,
2023-05-02-0009,FSLR,BUY,7,MARKET,FILLED,
2023-05-02-0010,GE,BUY,131,MARKET,FILLED,
2023-05-02-0011,MPC,BUY,7,MARKET,FILLED,
2023-05-02-0012,NFLX,BUY,323,MARKET,FILLED,
2023-05-02-0013,ON,BUY,132,MARKET,FILLED,
2023-06-02-0001,FICO,SELL,1,MARKET,FILLED,
2023-06-02-0002,FSLR,SELL,8,MARKET,FILLED,
2023-06-02-0003,GE,SELL,4,MARKET,FILLED,
2023-06-02-0004,MPC,SELL,86,MARKET,FILLED,
2023-06-02-0005,NFLX,SELL,57,MARKET,FILLED,
2023-06-02-0006,ON,SELL,132,MARKET,FILLED,
2023-06-02-0007,ACGL,BUY,13,MARKET,FILLED,
2023-06-02-0008,AXON,BUY,55,MARKET,FILLED,
2023-06-02-0009,DXCM,BUY,89,MARKET,FILLED,
2023-06-02-0010,LVS,BUY,24,MARKET,FILLED,
2023-06-02-0011,LW,BUY,1,MARKET,FILLED,
2023-06-02-0012,WYNN,BUY,18,MARKET,FILLED,
2023-07-05-0001,ACGL,SELL,152,MARKET,FILLED,
2023-07-05-0002,DXCM,SELL,89,MARKET,FILLED,
2023-07-05-0003,LVS,SELL,187,MARKET,FILLED,
2023-07-05-0004,LW,SELL,95,MARKET,FILLED,
2023-07-05-0005,NFLX,SELL,19,MARKET,FILLED,
2023-07-05-0006,WYNN,SELL,109,MARKET,FILLED,
2023-07-05-0007,ANET,BUY,277,MARKET,FILLED,
2023-07-05-0008,AXON,BUY,1,MARKET,FILLED,
2023-07-05-0009,FSLR,BUY,6,MARKET,FILLED,
2023-07-05-0010,NVDA,BUY,260,MARKET,FILLED,
2023-07-05-0011,ON,BUY,114,MARKET,FILLED,
2023-07-05-0012,PHM,BUY,140,MARKET,FILLED,
2023-07-05-0013,RCL,BUY,106,MARKET,FILLED,
2023-08-02-0001,ANET,SELL,277,MARKET,FILLED,
2023-08-02-0002,FICO,SELL,13,MARKET,FILLED,
2023-08-02-0003,NVDA,SELL,9,MARKET,FILLED,
2023-08-02-0004,ON,SELL,114,MARKET,FILLED,
2023-08-02-0005,PHM,SELL,3,MARKET,FILLED,
2023-08-02-0006,AXON,BUY,7,MARKET,FILLED,
2023-08-02-0007,CCL,BUY,653,MARKET,FILLED,
2023-08-02-0008,FSLR,BUY,1,MARKET,FILLED,
2023-08-02-0009,META,BUY,36,MARKET,FILLED,
2023-08-02-0010,NCLH,BUY,614,MARKET,FILLED,
2023-08-02-0011,NFLX,BUY,17,MARKET,FILLED,
2023-08-02-0012,RCL,BUY,2,MARKET,FILLED,
2023-09-05-0001,AXON,SELL,63,MARKET,FILLED,
2023-09-05-0002,FSLR,SELL,57,MARKET,FILLED,
2023-09-05-0003,GE,SELL,4,MARKET,FILLED,
2023-09-05-0004,NCLH,SELL,614,MARKET,FILLED,
2023-09-05-0005,NFLX,SELL,8,MARKET,FILLED,
2023-09-05-0006,NVDA,SELL,18,MARKET,FILLED,
2023-09-05-0007,AVGO,BUY,129,MARKET,FILLED,
2023-09-05-0008,CCL,BUY,67,MARKET,FILLED,
2023-09-05-0009,FICO,BUY,12,MARKET,FILLED,
2023-09-05-0010,META,BUY,1,MARKET,FILLED,
2023-09-05-0011,RCL,BUY,6,MARKET,FILLED,
2023-09-05-0012,WYNN,BUY,111,MARKET,FILLED,
2023-10-03-0001,AVGO,SELL,4,MARKET,FILLED,
2023-10-03-0002,CCL,SELL,720,MARKET,FILLED,
2023-10-03-0003,GE,SELL,3,MARKET,FILLED,
2023-10-03-0004,META,SELL,3,MARKET,FILLED,
2023-10-03-0005,NFLX,SELL,256,MARKET,FILLED,
2023-10-03-0006,WYNN,SELL,111,MARKET,FILLED,
2023-10-03-0007,ADBE,BUY,20,MARKET,FILLED,
2023-10-03-0008,LRCX,BUY,164,MARKET,FILLED,
2023-10-03-0009,ORCL,BUY,97,MARKET,FILLED,
2023-10-03-0010,PHM,BUY,6,MARKET,FILLED,
2023-11-02-0001,ADBE,SELL,20,MARKET,FILLED,
2023-11-02-0002,AVGO,SELL,3,MARKET,FILLED,
2023-11-02-0003,LRCX,SELL,164,MARKET,FILLED,
2023-11-02-0004,META,SELL,1,MARKET,FILLED,
2023-11-02-0005,ORCL,SELL,97,MARKET,FILLED,
2023-11-02-0006,PHM,SELL,10,MARKET,FILLED,
2023-11-02-0007,AMD,BUY,97,MARKET,FILLED,
2023-11-02-0008,BKNG,BUY,94,MARKET,FILLED,
2023-11-02-0009,FDX,BUY,53,MARKET,FILLED,
2023-11-02-0010,NVDA,BUY,11,MARKET,FILLED,
2023-11-02-0011,RCL,BUY,7,MARKET,FILLED,
2023-12-04-0001,AMD,SELL,97,MARKET,FILLED,
2023-12-04-0002,BKNG,SELL,94,MARKET,FILLED,
2023-12-04-0003,FDX,SELL,53,MARKET,FILLED,
2023-12-04-0004,FICO,SELL,12,MARKET,FILLED,
2023-12-04-0005,PHM,SELL,2,MARKET,FILLED,
2023-12-04-0006,RCL,SELL,121,MARKET,FILLED,
2023-12-04-0007,ACGL,BUY,143,MARKET,FILLED,
2023-12-04-0008,ADBE,BUY,19,MARKET,FILLED,
2023-12-04-0009,ANET,BUY,222,MARKET,FILLED,
2023-12-04-0010,AVGO,BUY,6,MARKET,FILLED,
2023-12-04-0011,GE,BUY,2,MARKET,FILLED,
2023-12-04-0012,LLY,BUY,20,MARKET,FILLED,
2023-12-04-0013,META,BUY,4,MARKET,FILLED,
2023-12-04-0014,NVDA,BUY,13,MARKET,FILLED,
2023-12-04-0015,PANW,BUY,80,MARKET,FILLED,
2024-01-03-0001,ACGL,SELL,143,MARKET,FILLED,
2024-01-03-0002,ADBE,SELL,19,MARKET,FILLED,
2024-01-03-0003,ANET,SELL,222,MARKET,FILLED,
2024-01-03-0004,AVGO,SELL,128,MARKET,FILLED,
2024-01-03-0005,GE,SELL,122,MARKET,FILLED,
2024-01-03-0006,LLY,SELL,20,MARKET,FILLED,
2024-01-03-0007,META,SELL,2,MARKET,FILLED,
2024-01-03-0008,PHM,SELL,9,MARKET,FILLED,
2024-01-03-0009,AMD,BUY,90,MARKET,FILLED,
2024-01-03-0010,BLDR,BUY,75,MARKET,FILLED,
2024-01-03-0011,CRM,BUY,48,MARKET,FILLED,
2024-01-03-0012,PANW,BUY,6,MARKET,FILLED,
2024-01-03-0013,RCL,BUY,104,MARKET,FILLED,
2024-01-03-0014,TSLA,BUY,50,MARKET,FILLED,
2024-01-03-0015,UBER,BUY,213,MARKET,FILLED,
2024-02-02-0001,AMD,SELL,10,MARKET,FILLED,
2024-02-02-0002,CRM,SELL,48,MARKET,FILLED,
2024-02-02-0003,META,SELL,5,MARKET,FILLED,
2024-02-02-0004,NVDA,SELL,39,MARKET,FILLED,
2024-02-02-0005,PANW,SELL,4,MARKET,FILLED,
2024-02-02-0006,TSLA,SELL,50,MARKET,FILLED,
2024-02-02-0007,UBER,SELL,5,MARKET,FILLED,
2024-02-02-0008,ANET,BUY,203,MARKET,FILLED,
2024-02-02-0009,AVGO,BUY,115,MARKET,FILLED,
2024-02-02-0010,BLDR,BUY,4,MARKET,FILLED,
2024-02-02-0011,PHM,BUY,11,MARKET,FILLED,
2024-02-02-0012,RCL,BUY,6,MARKET,FILLED,
2024-03-04-0001,AMD,SELL,5,MARKET,FILLED,
2024-03-04-0002,AVGO,SELL,5,MARKET,FILLED,
2024-03-04-0003,BLDR,SELL,2,MARKET,FILLED,
2024-03-04-0004,NVDA,SELL,34,MARKET,FILLED,
2024-03-04-0005,PANW,SELL,82,MARKET,FILLED,
2024-03-04-0006,RCL,SELL,110,MARKET,FILLED,
2024-03-04-0007,UBER,SELL,19,MARKET,FILLED,
2024-03-04-0008,ADBE,BUY,27,MARKET,FILLED,
2024-03-04-0009,ANET,BUY,12,MARKET,FILLED,
2024-03-04-0010,LLY,BUY,19,MARKET,FILLED,
2024-03-04-0011,PHM,BUY,5,MARKET,FILLED,
2024-04-02-0001,ADBE,SELL,27,MARKET,FILLED,
2024-04-02-0002,ANET,SELL,215,MARKET,FILLED,
2024-04-02-0003,BLDR,SELL,3,MARKET,FILLED,
2024-04-02-0004,NVDA,SELL,16,MARKET,FILLED,
2024-04-02-0005,PHM,SELL,138,MARKET,FILLED,
2024-04-02-0006,AMD,BUY,8,MARKET,FILLED,
2024-04-02-0007,AVGO,BUY,3,MARKET,FILLED,
2024-04-02-0008,CEG,BUY,80,MARKET,FILLED,
2024-04-02-0009,DECK,BUY,97,MARKET,FILLED,
2024-04-02-0010,SMCI,BUY,148,MARKET,FILLED,
2024-04-02-0011,UBER,BUY,7,MARKET,FILLED,
2024-05-02-0001,AMD,SELL,83,MARKET,FILLED,
2024-05-02-0002,AVGO,SELL,5,MARKET,FILLED,
2024-05-02-0003,BLDR,SELL,1,MARKET,FILLED,
2024-05-02-0004,CEG,SELL,7,MARKET,FILLED,
2024-05-02-0005,DECK,SELL,97,MARKET,FILLED,
2024-05-02-0006,LLY,SELL,19,MARKET,FILLED,
2024-05-02-0007,NVDA,SELL,7,MARKET,FILLED,
2024-05-02-0008,META,BUY,1,MARKET,FILLED,
2024-05-02-0009,NRG,BUY,183,MARKET,FILLED,
2024-05-02-0010,RCL,BUY,97,MARKET,FILLED,
2024-05-02-0011,SMCI,BUY,29,MARKET,FILLED,
2024-05-02-0012,UBER,BUY,3,MARKET,FILLED,
2024-05-02-0013,WDC,BUY,255,MARKET,FILLED,
2024-06-04-0001,AVGO,SELL,108,MARKET,FILLED,
2024-06-04-0002,BLDR,SELL,73,MARKET,FILLED,
2024-06-04-0003,CEG,SELL,4,MARKET,FILLED,
2024-06-04-0004,META,SELL,31,MARKET,FILLED,
2024-06-04-0005,NVDA,SELL,37,MARKET,FILLED,
2024-06-04-0006,RCL,SELL,97,MARKET,FILLED,
2024-06-04-0007,UBER,SELL,199,MARKET,FILLED,
2024-06-04-0008,WDC,SELL,255,MARKET,FILLED,
2024-06-04-0009,DECK,BUY,79,MARKET,FILLED,
2024-06-04-0010,GE,BUY,89,MARKET,FILLED,
2024-06-04-0011,LDOS,BUY,98,MARKET,FILLED,
2024-06-04-0012,SMCI,BUY,12,MARKET,FILLED,
2024-06-04-0013,TT,BUY,44,MARKET,FILLED,
2024-06-04-0014,URI,BUY,22,MARKET,FILLED,
2024-06-04-0015,VST,BUY,154,MARKET,FILLED,
2024-07-02-0001,LDOS,SELL,98,MARKET,FILLED,
2024-07-02-0002,NVDA,SELL,7,MARKET,FILLED,
2024-07-02-0003,SMCI,SELL,12,MARKET,FILLED,
2024-07-02-0004,TT,SELL,44,MARKET,FILLED,
2024-07-02-0005,URI,SELL,22,MARKET,FILLED,
2024-07-02-0006,CRWD,BUY,148,MARKET,FILLED,
2024-07-02-0007,DECK,BUY,11,MARKET,FILLED,
2024-07-02-0008,MU,BUY,109,MARKET,FILLED,
2024-07-02-0009,VST,BUY,8,MARKET,FILLED,
2024-07-02-0010,WDC,BUY,247,MARKET,FILLED,
2024-08-02-0001,CEG,SELL,2,MARKET,FILLED,
2024-08-02-0002,DECK,SELL,90,MARKET,FILLED,
2024-08-02-0003,GE,SELL,89,MARKET,FILLED,
2024-08-02-0004,NRG,SELL,20,MARKET,FILLED,
2024-08-02-0005,NVDA,SELL,3,MARKET,FILLED,
2024-08-02-0006,VST,SELL,3,MARKET,FILLED,
2024-08-02-0007,WDC,SELL,247,MARKET,FILLED,
2024-08-02-0008,ANET,BUY,147,MARKET,FILLED,
2024-08-02-0009,CRWD,BUY,69,MARKET,FILLED,
2024-08-02-0010,GDDY,BUY,80,MARKET,FILLED,
2024-08-02-0011,LLY,BUY,14,MARKET,FILLED,
2024-08-02-0012,MU,BUY,12,MARKET,FILLED,
2024-08-02-0013,SMCI,BUY,10,MARKET,FILLED,
2024-09-04-0001,ANET,SELL,147,MARKET,FILLED,
2024-09-04-0002,CEG,SELL,67,MARKET,FILLED,
2024-09-04-0003,CRWD,SELL,217,MARKET,FILLED,
2024-09-04-0004,GDDY,SELL,5,MARKET,FILLED,
2024-09-04-0005,LLY,SELL,14,MARKET,FILLED,
2024-09-04-0006,MU,SELL,121,MARKET,FILLED,
2024-09-04-0007,NRG,SELL,12,MARKET,FILLED,
2024-09-04-0008,FICO,BUY,7,MARKET,FILLED,
2024-09-04-0009,GE,BUY,73,MARKET,FILLED,
2024-09-04-0010,HWM,BUY,129,MARKET,FILLED,
2024-09-04-0011,IRM,BUY,106,MARKET,FILLED,
2024-09-04-0012,KKR,BUY,101,MARKET,FILLED,
2024-09-04-0013,SMCI,BUY,99,MARKET,FILLED,
2024-10-02-0001,IRM,SELL,106,MARKET,FILLED,
2024-10-02-0002,NRG,SELL,4,MARKET,FILLED,
2024-10-02-0003,SMCI,SELL,286,MARKET,FILLED,
2024-10-02-0004,VST,SELL,47,MARKET,FILLED,
2024-10-02-0005,AVGO,BUY,80,MARKET,FILLED,
2024-10-02-0006,GDDY,BUY,13,MARKET,FILLED,
2024-10-02-0007,HWM,BUY,4,MARKET,FILLED,
2024-10-02-0008,KKR,BUY,2,MARKET,FILLED,
2024-10-02-0009,MPWR,BUY,14,MARKET,FILLED,
2024-10-02-0010,NVDA,BUY,2,MARKET,FILLED,
2024-11-04-0001,AVGO,SELL,80,MARKET,FILLED,
2024-11-04-0002,FICO,SELL,1,MARKET,FILLED,
2024-11-04-0003,GDDY,SELL,5,MARKET,FILLED,
2024-11-04-0004,KKR,SELL,5,MARKET,FILLED,
2024-11-04-0005,MPWR,SELL,14,MARKET,FILLED,
2024-11-04-0006,NVDA,SELL,17,MARKET,FILLED,
2024-11-04-0007,CEG,BUY,58,MARKET,FILLED,
2024-11-04-0008,GE,BUY,5,MARKET,FILLED,
2024-11-04-0009,HWM,BUY,2,MARKET,FILLED,
2024-11-04-0010,NRG,BUY,11,MARKET,FILLED,
2024-11-04-0011,PLTR,BUY,330,MARKET,FILLED,
2024-11-04-0012,VST,BUY,3,MARKET,FILLED,
2024-12-03-0001,FICO,SELL,6,MARKET,FILLED,
2024-12-03-0002,GDDY,SELL,83,MARKET,FILLED,
2024-12-03-0003,GE,SELL,78,MARKET,FILLED,
2024-12-03-0004,KKR,SELL,98,MARKET,FILLED,
2024-12-03-0005,PLTR,SELL,86,MARKET,FILLED,
2024-12-03-0006,VST,SELL,11,MARKET,FILLED,
2024-12-03-0007,CEG,BUY,6,MARKET,FILLED,
2024-12-03-0008,HWM,BUY,1,MARKET,FILLED,
2024-12-03-0009,IRM,BUY,132,MARKET,FILLED,
2024-12-03-0010,NRG,BUY,2,MARKET,FILLED,
2024-12-03-0011,NVDA,BUY,18,MARKET,FILLED,
2024-12-03-0012,RCL,BUY,65,MARKET,FILLED,
2024-12-03-0013,TPL,BUY,32,MARKET,FILLED,
2024-12-03-0014,UAL,BUY,166,MARKET,FILLED,
2025-01-03-0001,CEG,SELL,3,MARKET,FILLED,
2025-01-03-0002,IRM,SELL,132,MARKET,FILLED,
2025-01-03-0003,NRG,SELL,160,MARKET,FILLED,
2025-01-03-0004,NVDA,SELL,7,MARKET,FILLED,
2025-01-03-0005,PLTR,SELL,39,MARKET,FILLED,
2025-01-03-0006,RCL,SELL,65,MARKET,FILLED,
2025-01-03-0007,UAL,SELL,4,MARKET,FILLED,
2025-01-03-0008,VST,SELL,4,MARKET,FILLED,
2025-01-03-0009,AXON,BUY,25,MARKET,FILLED,
2025-01-03-0010,FICO,BUY,7,MARKET,FILLED,
2025-01-03-0011,HWM,BUY,3,MARKET,FILLED,
2025-01-03-0012,TPL,BUY,7,MARKET,FILLED,
2025-01-03-0013,TRGP,BUY,83,MARKET,FILLED,
2025-02-04-0001,CEG,SELL,61,MARKET,FILLED,
2025-02-04-0002,FICO,SELL,7,MARKET,FILLED,
2025-02-04-0003,HWM,SELL,6,MARKET,FILLED,
2025-02-04-0004,PLTR,SELL,40,MARKET,FILLED,
2025-02-04-0005,TPL,SELL,1,MARKET,FILLED,
2025-02-04-0006,UAL,SELL,3,MARKET,FILLED,
2025-02-04-0007,AVGO,BUY,77,MARKET,FILLED,
2025-02-04-0008,NVDA,BUY,34,MARKET,FILLED,
2025-02-04-0009,TRGP,BUY,1,MARKET,FILLED,
2025-02-04-0010,TSLA,BUY,44,MARKET,FILLED,
2025-03-04-0001,AVGO,SELL,77,MARKET,FILLED,
2025-03-04-0002,HWM,SELL,133,MARKET,FILLED,
2025-03-04-0003,NVDA,SELL,144,MARKET,FILLED,
2025-03-04-0004,TPL,SELL,6,MARKET,FILLED,
2025-03-04-0005,TRGP,SELL,8,MARKET,FILLED,
2025-03-04-0006,AXON,BUY,3,MARKET,FILLED,
2025-03-04-0007,MMM,BUY,96,MARKET,FILLED,
2025-03-04-0008,NRG,BUY,148,MARKET,FILLED,
2025-03-04-0009,PLTR,BUY,16,MARKET,FILLED,
2025-03-04-0010,RCL,BUY,61,MARKET,FILLED,
2025-03-04-0011,TSLA,BUY,9,MARKET,FILLED,
2025-03-04-0012,UAL,BUY,5,MARKET,FILLED,
2025-03-04-0013,VST,BUY,18,MARKET,FILLED,
2025-04-02-0001,AXON,SELL,28,MARKET,FILLED,
2025-04-02-0002,MMM,SELL,96,MARKET,FILLED,
2025-04-02-0003,NRG,SELL,148,MARKET,FILLED,
2025-04-02-0004,PLTR,SELL,12,MARKET,FILLED,
2025-04-02-0005,RCL,SELL,61,MARKET,FILLED,
2025-04-02-0006,TPL,SELL,1,MARKET,FILLED,
2025-04-02-0007,TRGP,SELL,76,MARKET,FILLED,
2025-04-02-0008,TSLA,SELL,53,MARKET,FILLED,
2025-04-02-0009,FOX,BUY,269,MARKET,FILLED,
2025-04-02-0010,FOXA,BUY,250,MARKET,FILLED,
2025-04-02-0011,GEV,BUY,45,MARKET,FILLED,
2025-04-02-0012,HWM,BUY,107,MARKET,FILLED,
2025-04-02-0013,PM,BUY,88,MARKET,FILLED,
2025-04-02-0014,TPR,BUY,192,MARKET,FILLED,
2025-04-02-0015,UAL,BUY,46,MARKET,FILLED,
2025-05-02-0001,GEV,SELL,6,MARKET,FILLED,
2025-05-02-0002,HWM,SELL,6,MARKET,FILLED,
2025-05-02-0003,PLTR,SELL,41,MARKET,FILLED,
2025-05-02-0004,PM,SELL,88,MARKET,FILLED,
2025-05-02-0005,UAL,SELL,210,MARKET,FILLED,
2025-05-02-0006,VST,SELL,118,MARKET,FILLED,
2025-05-02-0007,FOX,BUY,60,MARKET,FILLED,
2025-05-02-0008,FOXA,BUY,58,MARKET,FILLED,
2025-05-02-0009,GILD,BUY,145,MARKET,FILLED,
2025-05-02-0010,T,BUY,553,MARKET,FILLED,
2025-05-02-0011,TPL,BUY,3,MARKET,FILLED,
2025-05-02-0012,TPR,BUY,20,MARKET,FILLED,
2025-05-02-0013,TRGP,BUY,93,MARKET,FILLED,
2025-06-03-0001,FOX,SELL,329,MARKET,FILLED,
2025-06-03-0002,FOXA,SELL,308,MARKET,FILLED,
2025-06-03-0003,GEV,SELL,6,MARKET,FILLED,
2025-06-03-0004,GILD,SELL,145,MARKET,FILLED,
2025-06-03-0005,HWM,SELL,7,MARKET,FILLED,
2025-06-03-0006,PLTR,SELL,5,MARKET,FILLED,
2025-06-03-0007,T,SELL,553,MARKET,FILLED,
2025-06-03-0008,TPR,SELL,4,MARKET,FILLED,
2025-06-03-0009,TRGP,SELL,93,MARKET,FILLED,
2025-06-03-0010,AXON,BUY,21,MARKET,FILLED,
2025-06-03-0011,DASH,BUY,76,MARKET,FILLED,
2025-06-03-0012,FTNT,BUY,159,MARKET,FILLED,
2025-06-03-0013,NFLX,BUY,133,MARKET,FILLED,
2025-06-03-0014,PM,BUY,89,MARKET,FILLED,
2025-06-03-0015,TPL,BUY,10,MARKET,FILLED,
2025-07-02-0001,DASH,SELL,6,MARKET,FILLED,
2025-07-02-0002,FTNT,SELL,159,MARKET,FILLED,
2025-07-02-0003,NFLX,SELL,133,MARKET,FILLED,
2025-07-02-0004,TPL,SELL,44,MARKET,FILLED,
2025-07-02-0005,TPR,SELL,15,MARKET,FILLED,
2025-07-02-0006,HWM,BUY,1,MARKET,FILLED,
2025-07-02-0007,NRG,BUY,107,MARKET,FILLED,
2025-07-02-0008,PAYC,BUY,71,MARKET,FILLED,
2025-07-02-0009,PLTR,BUY,4,MARKET,FILLED,
2025-07-02-0010,PM,BUY,5,MARKET,FILLED,
2025-07-02-0011,VST,BUY,90,MARKET,FILLED,
2025-08-04-0001,GEV,SELL,6,MARKET,FILLED,
2025-08-04-0002,HWM,SELL,95,MARKET,FILLED,
2025-08-04-0003,PAYC,SELL,71,MARKET,FILLED,
2025-08-04-0004,PLTR,SELL,12,MARKET,FILLED,
2025-08-04-0005,PM,SELL,94,MARKET,FILLED,
2025-08-04-0006,TPR,SELL,24,MARKET,FILLED,
2025-08-04-0007,VST,SELL,3,MARKET,FILLED,
2025-08-04-0008,AXON,BUY,3,MARKET,FILLED,
2025-08-04-0009,CRWD,BUY,161,MARKET,FILLED,
2025-08-04-0010,DASH,BUY,2,MARKET,FILLED,
2025-08-04-0011,NFLX,BUY,157,MARKET,FILLED,
2025-08-04-0012,NRG,BUY,1,MARKET,FILLED,
2025-08-04-0013,RCL,BUY,57,MARKET,FILLED,
2025-09-03-0001,AXON,SELL,1,MARKET,FILLED,
2025-09-03-0002,CRWD,SELL,161,MARKET,FILLED,
2025-09-03-0003,NFLX,SELL,157,MARKET,FILLED,
2025-09-03-0004,PLTR,SELL,4,MARKET,FILLED,
2025-09-03-0005,RCL,SELL,57,MARKET,FILLED,
2025-09-03-0006,GEV,BUY,2,MARKET,FILLED,
2025-09-03-0007,IBKR,BUY,274,MARKET,FILLED,
2025-09-03-0008,JBL,BUY,86,MARKET,FILLED,
2025-09-03-0009,NRG,BUY,13,MARKET,FILLED,
2025-09-03-0010,TPR,BUY,1,MARKET,FILLED,
2025-09-03-0011,UAL,BUY,167,MARKET,FILLED,
2025-09-03-0012,VST,BUY,7,MARKET,FILLED,
2025-10-02-0001,DASH,SELL,72,MARKET,FILLED,
2025-10-02-0002,IBKR,SELL,4,MARKET,FILLED,
2025-10-02-0003,JBL,SELL,86,MARKET,FILLED,
2025-10-02-0004,NRG,SELL,121,MARKET,FILLED,
2025-10-02-0005,PLTR,SELL,11,MARKET,FILLED,
2025-10-02-0006,TPR,SELL,7,MARKET,FILLED,
2025-10-02-0007,VST,SELL,94,MARKET,FILLED,
2025-10-02-0008,APP,BUY,26,MARKET,FILLED,
2025-10-02-0009,AXON,BUY,3,MARKET,FILLED,
2025-10-02-0010,GEV,BUY,1,MARKET,FILLED,
2025-10-02-0011,HOOD,BUY,131,MARKET,FILLED,
2025-10-02-0012,HWM,BUY,96,MARKET,FILLED,
2025-10-02-0013,RCL,BUY,59,MARKET,FILLED,
2025-10-02-0014,UAL,BUY,33,MARKET,FILLED,
2025-11-04-0001,AXON,SELL,26,MARKET,FILLED,
2025-11-04-0002,HOOD,SELL,2,MARKET,FILLED,
2025-11-04-0003,HWM,SELL,96,MARKET,FILLED,
2025-11-04-0004,IBKR,SELL,270,MARKET,FILLED,
2025-11-04-0005,PLTR,SELL,6,MARKET,FILLED,
2025-11-04-0006,RCL,SELL,59,MARKET,FILLED,
2025-11-04-0007,UAL,SELL,200,MARKET,FILLED,
2025-11-04-0008,APP,BUY,2,MARKET,FILLED,
2025-11-04-0009,AVGO,BUY,50,MARKET,FILLED,
2025-11-04-0010,GEV,BUY,1,MARKET,FILLED,
2025-11-04-0011,LRCX,BUY,116,MARKET,FILLED,
2025-11-04-0012,STX,BUY,70,MARKET,FILLED,
2025-11-04-0013,TPR,BUY,9,MARKET,FILLED,
2025-11-04-0014,WBD,BUY,816,MARKET,FILLED,
2025-11-04-0015,WDC,BUY,119,MARKET,FILLED,
2025-12-02-0001,APP,SELL,28,MARKET,FILLED,
2025-12-02-0002,AVGO,SELL,3,MARKET,FILLED,
2025-12-02-0003,GEV,SELL,31,MARKET,FILLED,
2025-12-02-0004,STX,SELL,3,MARKET,FILLED,
2025-12-02-0005,TPR,SELL,172,MARKET,FILLED,
2025-12-02-0006,WBD,SELL,54,MARKET,FILLED,
2025-12-02-0007,WDC,SELL,9,MARKET,FILLED,
2025-12-02-0008,HOOD,BUY,18,MARKET,FILLED,
2025-12-02-0009,KLAC,BUY,157,MARKET,FILLED,
2025-12-02-0010,LRCX,BUY,2,MARKET,FILLED,
2025-12-02-0011,MU,BUY,77,MARKET,FILLED,
2025-12-02-0012,NEM,BUY,201,MARKET,FILLED,
2025-12-02-0013,PLTR,BUY,14,MARKET,FILLED,
