security_id,seed_key,historical_ticker,pit_start,pit_end,pit_intervals,identity_status,market_data_status,vendor_symbol,price_start,price_end,coverage_days,expected_days,coverage_ratio,quality_status,reason,confidence,rebalance_encountered,local_listing_csv,notes
,,AABA,1999-12-08,2017-06-19,1999-12-08→2017-06-19,UNRESOLVED,missing,AABA,,,0,900,0.0000,not_applicable,D_unresolved_identity,low,true,false,No Security Master row and no local CSV under the PIT ticker.
,cencora,ABC,2001-08-30,2023-08-30,2001-08-30→2023-08-30,RESOLVED,available_other_ticker,COR,2013-07-08,2025-12-31,3163,3163,1.0000,valid,G_data_under_other_ticker,high,true,false,Vendor series stored as COR.
,,ABMD,2018-05-31,2022-12-22,2018-05-31→2022-12-22,UNRESOLVED,missing,ABMD,,,0,1666,0.0000,not_applicable,D_unresolved_identity,low,true,false,No Security Master row and no local CSV under the PIT ticker.
,,ADS,2013-12-23,2020-06-22,2013-12-23→2020-06-22,UNRESOLVED,missing,ADS,,,0,1999,0.0000,not_applicable,D_unresolved_identity,low,true,false,No Security Master row and no local CSV under the PIT ticker.
,,AGN,1996-01-02,2020-05-12,1996-01-02→2020-05-12,UNRESOLVED,missing,AGN,,,0,1958,0.0000,not_applicable,D_unresolved_identity,low,true,false,No Security Master row and no local CSV under the PIT ticker.
,,ALTR,2000-04-18,2015-12-28,2000-04-18→2015-12-28,UNRESOLVED,missing,ALTR,,,0,361,0.0000,not_applicable,D_unresolved_identity,low,false,false,No Security Master row and no local CSV under the PIT ticker.
,,ALXN,2012-05-25,2021-07-21,2012-05-25→2021-07-21,UNRESOLVED,missing,ALXN,,,0,2393,0.0000,not_applicable,D_unresolved_identity,low,true,false,No Security Master row and no local CSV under the PIT ticker.
,,ANSS,2017-06-19,2025-07-18,2017-06-19→2025-07-18,UNRESOLVED,missing,ANSS,,,0,2951,0.0000,not_applicable,D_unresolved_identity,low,true,false,No Security Master row and no local CSV under the PIT ticker.
,elevance-health,ANTM,2002-07-25,2022-06-28,2002-07-25→2022-06-28,RESOLVED,available_other_ticker,ELV,2013-07-08,2025-12-31,2735,2735,1.0000,valid,G_data_under_other_ticker,high,true,false,Vendor series stored as ELV.
,,APC,1997-07-28,2019-08-09,1997-07-28→2019-08-09,UNRESOLVED,missing,APC,,,0,1681,0.0000,not_applicable,D_unresolved_identity,low,true,false,No Security Master row and no local CSV under the PIT ticker.
,,ARG,2009-09-09,2016-05-23,2009-09-09→2016-05-23,UNRESOLVED,missing,ARG,,,0,508,0.0000,not_applicable,D_unresolved_identity,low,true,false,No Security Master row and no local CSV under the PIT ticker.
,,ARNC,1996-01-02,2020-04-06,1996-01-02→2020-04-06,UNRESOLVED,missing,ARNC,,,0,1922,0.0000,not_applicable,D_unresolved_identity,low,true,false,No Security Master row and no local CSV under the PIT ticker.
,,ATVI,2015-08-31,2023-10-18,2015-08-31→2023-10-18,UNRESOLVED,missing,ATVI,,,0,2970,0.0000,not_applicable,D_unresolved_identity,low,true,false,No Security Master row and no local CSV under the PIT ticker.
,,AVB,2007-01-10,,2007-01-10→open,UNRESOLVED,missing,AVB,,,0,4018,0.0000,not_applicable,D_unresolved_identity,low,true,false,No Security Master row and no local CSV under the PIT ticker.
,,AVP,1996-01-02,2015-03-23,1996-01-02→2015-03-23,UNRESOLVED,missing,AVP,,,0,81,0.0000,not_applicable,D_unresolved_identity,low,false,false,No Security Master row and no local CSV under the PIT ticker.
,,BBBY,1999-10-01,2017-07-26,1999-10-01→2017-07-26,UNRESOLVED,missing,BBBY,,,0,937,0.0000,not_applicable,D_unresolved_identity,low,true,false,No Security Master row and no local CSV under the PIT ticker.
,,BCR,1996-01-02,2017-12-29,1996-01-02→2017-12-29,UNRESOLVED,missing,BCR,,,0,1093,0.0000,not_applicable,D_unresolved_identity,low,true,false,No Security Master row and no local CSV under the PIT ticker.
,brown-forman-class-b,BF.B,1996-01-02,,1996-01-02→open,RESOLVED,available_other_ticker,BF-B,2013-07-08,2025-12-31,4018,4018,1.0000,valid,G_data_under_other_ticker,high,true,false,Vendor series stored as BF-B.
,baker-hughes,BHGE,1996-01-02,2019-10-18,1996-01-02→2019-10-18,RESOLVED,available_other_ticker,BKR,2013-07-08,2025-12-31,1751,1751,1.0000,valid,G_data_under_other_ticker,high,true,false,Vendor series stored as BKR.
,,BK,1996-01-02,2026-05-21,1996-01-02→2026-05-21,UNRESOLVED,missing,BK,,,0,4018,0.0000,not_applicable,D_unresolved_identity,low,true,false,No Security Master row and no local CSV under the PIT ticker.
,ball-corporation,BLL,1996-01-02,2022-05-10,1996-01-02→2022-05-10,RESOLVED,available_other_ticker,BALL,2013-07-08,2025-12-31,2686,2686,1.0000,valid,G_data_under_other_ticker,high,true,false,Vendor series stored as BALL.
,,BRCM,2000-07-03,2016-02-01,2000-07-03→2016-02-01,UNRESOLVED,missing,BRCM,,,0,396,0.0000,not_applicable,D_unresolved_identity,low,true,false,No Security Master row and no local CSV under the PIT ticker.
,berkshire-hathaway-class-b,BRK.B,2010-02-16,,2010-02-16→open,RESOLVED,available_other_ticker,BRK-B,2013-07-08,2025-12-31,4018,4018,1.0000,valid,G_data_under_other_ticker,high,true,false,Vendor series stored as BRK-B.
,,BXLT,2015-07-01,2016-06-03,2015-07-01→2016-06-03,UNRESOLVED,missing,BXLT,,,0,338,0.0000,not_applicable,D_unresolved_identity,low,true,false,No Security Master row and no local CSV under the PIT ticker.
,,CA,1996-01-02,2018-11-06,1996-01-02→2018-11-06,UNRESOLVED,missing,CA,,,0,1405,0.0000,not_applicable,D_unresolved_identity,low,true,false,No Security Master row and no local CSV under the PIT ticker.
,,CBS,1996-01-02,2019-12-05,1996-01-02→2019-12-05,UNRESOLVED,missing,CBS,,,0,1799,0.0000,not_applicable,D_unresolved_identity,low,true,false,No Security Master row and no local CSV under the PIT ticker.
,,CDAY,2021-09-20,2024-02-01,2021-09-20→2024-02-01,UNRESOLVED,missing,CDAY,,,0,864,0.0000,not_applicable,D_unresolved_identity,low,true,false,No Security Master row and no local CSV under the PIT ticker.
,,CELG,2006-11-06,2019-11-21,2006-11-06→2019-11-21,UNRESOLVED,missing,CELG,,,0,1785,0.0000,not_applicable,D_unresolved_identity,low,true,false,No Security Master row and no local CSV under the PIT ticker.
,,CERN,2010-04-30,2022-06-08,2010-04-30→2022-06-08,UNRESOLVED,missing,CERN,,,0,2715,0.0000,not_applicable,D_unresolved_identity,low,true,false,No Security Master row and no local CSV under the PIT ticker.
,,CFN,2009-09-01,2015-03-17,2009-09-01→2015-03-17,UNRESOLVED,missing,CFN,,,0,75,0.0000,not_applicable,D_unresolved_identity,low,false,false,No Security Master row and no local CSV under the PIT ticker.
,,CHK,2006-03-03,2018-03-19,2006-03-03→2018-03-19,UNRESOLVED,missing,CHK,,,0,1173,0.0000,not_applicable,D_unresolved_identity,low,true,false,No Security Master row and no local CSV under the PIT ticker.
,,CMA,1996-01-02,2024-06-24,1996-01-02→2024-06-24,UNRESOLVED,missing,CMA,,,0,3462,0.0000,not_applicable,D_unresolved_identity,low,true,false,No Security Master row and no local CSV under the PIT ticker.
,,CMCSK,2015-09-21,2015-12-14,2015-09-21→2015-12-14,UNRESOLVED,missing,CMCSK,,,0,84,0.0000,not_applicable,D_unresolved_identity,low,false,false,No Security Master row and no local CSV under the PIT ticker.
,,COG,2008-06-23,2021-10-04,2008-06-23→2021-10-04,UNRESOLVED,missing,COG,,,0,2468,0.0000,not_applicable,D_unresolved_identity,low,true,false,No Security Master row and no local CSV under the PIT ticker.
,,COV,2011-03-01,2015-01-27,2011-03-01→2015-01-27,UNRESOLVED,missing,COV,,,0,26,0.0000,not_applicable,D_unresolved_identity,low,false,false,No Security Master row and no local CSV under the PIT ticker.
,,CPGX,2015-07-02,2016-07-01,2015-07-02→2016-07-01,UNRESOLVED,missing,CPGX,,,0,365,0.0000,not_applicable,D_unresolved_identity,low,true,false,No Security Master row and no local CSV under the PIT ticker.
,,CSRA,2015-11-30,2018-04-04,2015-11-30→2018-04-04,UNRESOLVED,missing,CSRA,,,0,856,0.0000,not_applicable,D_unresolved_identity,low,true,false,No Security Master row and no local CSV under the PIT ticker.
,lumen-technologies,CTL,1999-03-25,2020-09-18,1999-03-25→2020-09-18,RESOLVED,available_other_ticker,LUMN,2013-07-08,2025-12-31,2087,2087,1.0000,valid,G_data_under_other_ticker,high,true,false,Vendor series stored as LUMN.
,,CTLT,2020-09-21,2024-12-23,2020-09-21→2024-12-23,UNRESOLVED,missing,CTLT,,,0,1554,0.0000,not_applicable,D_unresolved_identity,low,true,false,No Security Master row and no local CSV under the PIT ticker.
,,CTRA,2021-10-04,2026-05-07,2021-10-04→2026-05-07,UNRESOLVED,missing,CTRA,,,0,1550,0.0000,not_applicable,D_unresolved_identity,low,true,false,No Security Master row and no local CSV under the PIT ticker.
,,CTXS,1999-12-01,2022-10-03,1999-12-01→2022-10-03,UNRESOLVED,missing,CTXS,,,0,2832,0.0000,not_applicable,D_unresolved_identity,low,true,false,No Security Master row and no local CSV under the PIT ticker.
,,CVC,2010-12-20,2016-06-21,2010-12-20→2016-06-21,UNRESOLVED,missing,CVC,,,0,537,0.0000,not_applicable,D_unresolved_identity,low,true,false,No Security Master row and no local CSV under the PIT ticker.
,,CXO,2016-02-22,2021-01-21,2016-02-22→2021-01-21,UNRESOLVED,missing,CXO,,,0,1795,0.0000,not_applicable,D_unresolved_identity,low,true,false,No Security Master row and no local CSV under the PIT ticker.
,,DAY,2024-02-01,2026-02-09,2024-02-01→2026-02-09,UNRESOLVED,missing,DAY,,,0,700,0.0000,not_applicable,D_unresolved_identity,low,true,false,No Security Master row and no local CSV under the PIT ticker.
,,DFS,2007-07-02,2025-05-19,2007-07-02→2025-05-19,UNRESOLVED,missing,DFS,,,0,3791,0.0000,not_applicable,D_unresolved_identity,low,true,false,No Security Master row and no local CSV under the PIT ticker.
,,DISCA,2010-03-01,2022-04-11,2010-03-01→2022-04-11,UNRESOLVED,missing,DISCA,,,0,2657,0.0000,not_applicable,D_unresolved_identity,low,true,false,No Security Master row and no local CSV under the PIT ticker.
,,DISCK,2014-08-07,2022-04-11,2014-08-07→2022-04-11,UNRESOLVED,missing,DISCK,,,0,2657,0.0000,not_applicable,D_unresolved_identity,low,true,false,No Security Master row and no local CSV under the PIT ticker.
,,DISH,2017-03-13,2023-06-20,2017-03-13→2023-06-20,UNRESOLVED,missing,DISH,,,0,2290,0.0000,not_applicable,D_unresolved_identity,low,true,false,No Security Master row and no local CSV under the PIT ticker.
,,DNB,2008-12-02,2017-04-05,2008-12-02→2017-04-05,UNRESOLVED,missing,DNB,,,0,825,0.0000,not_applicable,D_unresolved_identity,low,true,false,No Security Master row and no local CSV under the PIT ticker.
,,DNR,2009-04-02,2015-03-23,2009-04-02→2015-03-23,UNRESOLVED,missing,DNR,,,0,81,0.0000,not_applicable,D_unresolved_identity,low,false,false,No Security Master row and no local CSV under the PIT ticker.
,,DO,2009-02-26,2016-10-03,2009-02-26→2016-10-03,UNRESOLVED,missing,DO,,,0,641,0.0000,not_applicable,D_unresolved_identity,low,true,false,No Security Master row and no local CSV under the PIT ticker.
,,DRE,2017-07-26,2022-10-03,2017-07-26→2022-10-03,UNRESOLVED,missing,DRE,,,0,1895,0.0000,not_applicable,D_unresolved_identity,low,true,false,No Security Master row and no local CSV under the PIT ticker.
,,DTV,2006-12-04,2015-07-27,2006-12-04→2015-07-27,UNRESOLVED,missing,DTV,,,0,207,0.0000,not_applicable,D_unresolved_identity,low,false,false,No Security Master row and no local CSV under the PIT ticker.
,,DWDP,2017-09-01,2019-06-03,2017-09-01→2019-06-03,UNRESOLVED,missing,DWDP,,,0,640,0.0000,not_applicable,D_unresolved_identity,low,true,false,No Security Master row and no local CSV under the PIT ticker.
,,EA,2002-07-22,,2002-07-22→open,UNRESOLVED,missing,EA,,,0,4018,0.0000,not_applicable,D_unresolved_identity,low,true,false,No Security Master row and no local CSV under the PIT ticker.
,,ENDP,2015-01-27,2017-03-02,2015-01-27→2017-03-02,UNRESOLVED,missing,ENDP,,,0,765,0.0000,not_applicable,D_unresolved_identity,low,true,false,No Security Master row and no local CSV under the PIT ticker.
,,EQR,2001-12-03,,2001-12-03→open,UNRESOLVED,missing,EQR,,,0,4018,0.0000,not_applicable,D_unresolved_identity,low,true,false,No Security Master row and no local CSV under the PIT ticker.
,,ESV,2012-07-31,2016-03-30,2012-07-31→2016-03-30,UNRESOLVED,missing,ESV,,,0,454,0.0000,not_applicable,D_unresolved_identity,low,true,false,No Security Master row and no local CSV under the PIT ticker.
,,ETFC,2004-04-01,2020-10-07,2004-04-01→2020-10-07,UNRESOLVED,missing,ETFC,,,0,2106,0.0000,not_applicable,D_unresolved_identity,low,true,false,No Security Master row and no local CSV under the PIT ticker.
,,FBHS,2016-06-24,2022-12-19,2016-06-24→2022-12-19,UNRESOLVED,missing,FBHS,,,0,2369,0.0000,not_applicable,D_unresolved_identity,low,true,false,No Security Master row and no local CSV under the PIT ticker.
,,FDO,2001-08-06,2015-07-07,2001-08-06→2015-07-07,UNRESOLVED,missing,FDO,,,0,187,0.0000,not_applicable,D_unresolved_identity,low,false,false,No Security Master row and no local CSV under the PIT ticker.
,fiserv,FI,2023-06-07,2025-11-11,2023-06-07→2025-11-11,RESOLVED,available_other_ticker,FISV,2013-07-08,2025-12-31,888,888,1.0000,valid,G_data_under_other_ticker,high,true,false,Vendor series stored as FISV.
,,FL,2016-04-04,2019-08-09,2016-04-04→2019-08-09,UNRESOLVED,missing,FL,,,0,1222,0.0000,not_applicable,D_unresolved_identity,low,true,false,No Security Master row and no local CSV under the PIT ticker.
,,FLIR,2009-01-02,2021-05-14,2009-01-02→2021-05-14,UNRESOLVED,missing,FLIR,,,0,2325,0.0000,not_applicable,D_unresolved_identity,low,true,false,No Security Master row and no local CSV under the PIT ticker.
,corpay,FLT,2018-06-20,2024-03-25,2018-06-20→2024-03-25,RESOLVED,available_other_ticker,CPAY,2013-07-08,2025-12-31,2105,2105,1.0000,valid,G_data_under_other_ticker,high,true,false,Vendor series stored as CPAY.
,,FRC,2019-01-02,2023-05-04,2019-01-02→2023-05-04,UNRESOLVED,missing,FRC,,,0,1583,0.0000,not_applicable,D_unresolved_identity,low,true,false,No Security Master row and no local CSV under the PIT ticker.
,,FTR,2001-02-27,2017-03-20,2001-02-27→2017-03-20,UNRESOLVED,missing,FTR,,,0,809,0.0000,not_applicable,D_unresolved_identity,low,true,false,No Security Master row and no local CSV under the PIT ticker.
,,GAS,2011-12-13,2016-07-01,2011-12-13→2016-07-01,UNRESOLVED,missing,GAS,,,0,547,0.0000,not_applicable,D_unresolved_identity,low,true,false,No Security Master row and no local CSV under the PIT ticker.
,,GGP,2013-12-10,2018-08-28,2013-12-10→2018-08-28,UNRESOLVED,missing,GGP,,,0,1335,0.0000,not_applicable,D_unresolved_identity,low,true,false,No Security Master row and no local CSV under the PIT ticker.
,,GMCR,2014-03-24,2016-03-03,2014-03-24→2016-03-03,UNRESOLVED,missing,GMCR,,,0,427,0.0000,not_applicable,D_unresolved_identity,low,true,false,No Security Master row and no local CSV under the PIT ticker.
,,GPS,1996-01-02,2022-02-02,1996-01-02→2022-02-02,UNRESOLVED,missing,GPS,,,0,2589,0.0000,not_applicable,D_unresolved_identity,low,true,false,No Security Master row and no local CSV under the PIT ticker.
,,HBI,2015-03-23,2021-12-20,2015-03-23→2021-12-20,UNRESOLVED,missing,HBI,,,0,2464,0.0000,not_applicable,D_unresolved_identity,low,true,false,No Security Master row and no local CSV under the PIT ticker.
,,HCBK,2007-02-15,2015-11-02,2007-02-15→2015-11-02,UNRESOLVED,missing,HCBK,,,0,305,0.0000,not_applicable,D_unresolved_identity,low,false,false,No Security Master row and no local CSV under the PIT ticker.
,,HCP,2008-03-31,2019-11-05,2008-03-31→2019-11-05,UNRESOLVED,missing,HCP,,,0,1769,0.0000,not_applicable,D_unresolved_identity,low,true,false,No Security Master row and no local CSV under the PIT ticker.
,,HES,1996-01-02,2025-07-23,1996-01-02→2025-07-23,UNRESOLVED,missing,HES,,,0,3856,0.0000,not_applicable,D_unresolved_identity,low,true,false,No Security Master row and no local CSV under the PIT ticker.
,,HFC,2018-06-18,2021-06-04,2018-06-18→2021-06-04,UNRESOLVED,missing,HFC,,,0,1082,0.0000,not_applicable,D_unresolved_identity,low,true,false,No Security Master row and no local CSV under the PIT ticker.
,,HOLX,2016-03-30,2026-04-09,2016-03-30→2026-04-09,UNRESOLVED,missing,HOLX,,,0,3564,0.0000,not_applicable,D_unresolved_identity,low,true,false,No Security Master row and no local CSV under the PIT ticker.
,l3harris,HRS,2008-09-22,2019-06-01,2008-09-22→2019-06-01,RESOLVED,available_other_ticker,LHX,2013-07-08,2025-12-31,1612,1612,1.0000,valid,G_data_under_other_ticker,high,true,false,Vendor series stored as LHX.
,,HSP,2004-05-03,2015-09-03,2004-05-03→2015-09-03,UNRESOLVED,missing,HSP,,,0,245,0.0000,not_applicable,D_unresolved_identity,low,false,false,No Security Master row and no local CSV under the PIT ticker.
,,IPG,1996-01-02,2025-11-28,1996-01-02→2025-11-28,UNRESOLVED,missing,IPG,,,0,3984,0.0000,not_applicable,D_unresolved_identity,low,true,false,No Security Master row and no local CSV under the PIT ticker.
,jacobs-solutions,JEC,2007-10-26,2019-12-10,2007-10-26→2019-12-10,RESOLVED,available_other_ticker,J,2013-07-08,2025-12-31,1804,1804,1.0000,valid,G_data_under_other_ticker,high,true,false,Vendor series stored as J.
,,JNPR,2006-06-02,2025-07-09,2006-06-02→2025-07-09,UNRESOLVED,missing,JNPR,,,0,3842,0.0000,not_applicable,D_unresolved_identity,low,true,false,No Security Master row and no local CSV under the PIT ticker.
,,JOY,2011-02-28,2015-10-08,2011-02-28→2015-10-08,UNRESOLVED,missing,JOY,,,0,280,0.0000,not_applicable,D_unresolved_identity,low,false,false,No Security Master row and no local CSV under the PIT ticker.
,,JWN,1996-01-02,2020-06-22,1996-01-02→2020-06-22,UNRESOLVED,missing,JWN,,,0,1999,0.0000,not_applicable,D_unresolved_identity,low,true,false,No Security Master row and no local CSV under the PIT ticker.
,,K,1996-01-02,2025-12-11,1996-01-02→2025-12-11,UNRESOLVED,missing,K,,,0,3997,0.0000,not_applicable,D_unresolved_identity,low,true,false,No Security Master row and no local CSV under the PIT ticker.
,capri-holdings,KORS,2013-11-13,2018-09-19,2013-11-13→2018-09-19,RESOLVED,available_other_ticker,CPRI,2013-07-08,2025-12-31,1357,1357,1.0000,valid,G_data_under_other_ticker,high,true,false,Vendor series stored as CPRI.
,,KRFT,2012-10-02,2015-07-06,2012-10-02→2015-07-06,UNRESOLVED,missing,KRFT,,,0,186,0.0000,not_applicable,D_unresolved_identity,low,false,false,No Security Master row and no local CSV under the PIT ticker.
,,KSU,2013-05-24,2021-12-14,2013-05-24→2021-12-14,UNRESOLVED,missing,KSU,,,0,2539,0.0000,not_applicable,D_unresolved_identity,low,true,false,No Security Master row and no local CSV under the PIT ticker.
,,LLL,2004-12-01,2019-07-01,2004-12-01→2019-07-01,UNRESOLVED,missing,LLL,,,0,1642,0.0000,not_applicable,D_unresolved_identity,low,true,false,No Security Master row and no local CSV under the PIT ticker.
,,LLTC,2000-04-03,2017-03-13,2000-04-03→2017-03-13,UNRESOLVED,missing,LLTC,,,0,802,0.0000,not_applicable,D_unresolved_identity,low,true,false,No Security Master row and no local CSV under the PIT ticker.
,,LM,2006-04-24,2016-12-02,2006-04-24→2016-12-02,UNRESOLVED,missing,LM,,,0,701,0.0000,not_applicable,D_unresolved_identity,low,true,false,No Security Master row and no local CSV under the PIT ticker.
,,LO,2008-06-11,2015-06-12,2008-06-11→2015-06-12,UNRESOLVED,missing,LO,,,0,162,0.0000,not_applicable,D_unresolved_identity,low,false,false,No Security Master row and no local CSV under the PIT ticker.
,,LVLT,2014-11-05,2017-10-13,2014-11-05→2017-10-13,UNRESOLVED,missing,LVLT,,,0,1016,0.0000,not_applicable,D_unresolved_identity,low,true,false,No Security Master row and no local CSV under the PIT ticker.
,,MJN,2009-12-21,2017-06-15,2009-12-21→2017-06-15,UNRESOLVED,missing,MJN,,,0,896,0.0000,not_applicable,D_unresolved_identity,low,true,false,No Security Master row and no local CSV under the PIT ticker.
,,MMC,1996-01-02,2026-01-14,1996-01-02→2026-01-14,UNRESOLVED,missing,MMC,,,0,4018,0.0000,not_applicable,D_unresolved_identity,low,true,false,No Security Master row and no local CSV under the PIT ticker.
,,MNK,2014-08-19,2017-07-26,2014-08-19→2017-07-26,UNRESOLVED,missing,MNK,,,0,937,0.0000,not_applicable,D_unresolved_identity,low,true,false,No Security Master row and no local CSV under the PIT ticker.
,,MON,2002-08-14,2018-06-07,2002-08-14→2018-06-07,UNRESOLVED,missing,MON,,,0,1253,0.0000,not_applicable,D_unresolved_identity,low,true,false,No Security Master row and no local CSV under the PIT ticker.
,,MRO,1996-01-02,2024-11-26,1996-01-02→2024-11-26,UNRESOLVED,missing,MRO,,,0,3617,0.0000,not_applicable,D_unresolved_identity,low,true,false,No Security Master row and no local CSV under the PIT ticker.
,,MWV,1996-01-02,2015-07-02,1996-01-02→2015-07-02,UNRESOLVED,missing,MWV,,,0,182,0.0000,not_applicable,D_unresolved_identity,low,false,false,No Security Master row and no local CSV under the PIT ticker.
,,MXIM,2018-12-03,2021-08-30,2018-12-03→2021-08-30,UNRESOLVED,missing,MXIM,,,0,1001,0.0000,not_applicable,D_unresolved_identity,low,true,false,No Security Master row and no local CSV under the PIT ticker.
,,MYL,2004-04-23,2020-11-17,2004-04-23→2020-11-17,UNRESOLVED,missing,MYL,,,0,2147,0.0000,not_applicable,D_unresolved_identity,low,true,false,No Security Master row and no local CSV under the PIT ticker.
,,NBL,2007-10-08,2020-10-12,2007-10-08→2020-10-12,UNRESOLVED,missing,NBL,,,0,2111,0.0000,not_applicable,D_unresolved_identity,low,true,false,No Security Master row and no local CSV under the PIT ticker.
,,NFX,2010-12-20,2019-02-15,2010-12-20→2019-02-15,UNRESOLVED,missing,NFX,,,0,1506,0.0000,not_applicable,D_unresolved_identity,low,true,false,No Security Master row and no local CSV under the PIT ticker.
,,NLOK,2019-11-05,2022-11-08,2019-11-05→2022-11-08,UNRESOLVED,missing,NLOK,,,0,1099,0.0000,not_applicable,D_unresolved_identity,low,true,false,No Security Master row and no local CSV under the PIT ticker.
,,NLSN,2013-07-09,2022-10-12,2013-07-09→2022-10-12,UNRESOLVED,missing,NLSN,,,0,2841,0.0000,not_applicable,D_unresolved_identity,low,true,false,No Security Master row and no local CSV under the PIT ticker.
,,PBCT,2008-11-13,2022-04-04,2008-11-13→2022-04-04,UNRESOLVED,missing,PBCT,,,0,2650,0.0000,not_applicable,D_unresolved_identity,low,true,false,No Security Master row and no local CSV under the PIT ticker.
,,PCP,2007-06-01,2016-02-01,2007-06-01→2016-02-01,UNRESOLVED,missing,PCP,,,0,396,0.0000,not_applicable,D_unresolved_identity,low,true,false,No Security Master row and no local CSV under the PIT ticker.
,,PDCO,2005-10-11,2018-03-19,2005-10-11→2018-03-19,UNRESOLVED,missing,PDCO,,,0,1173,0.0000,not_applicable,D_unresolved_identity,low,true,false,No Security Master row and no local CSV under the PIT ticker.
,,PEAK,2019-11-05,2024-03-04,2019-11-05→2024-03-04,UNRESOLVED,missing,PEAK,,,0,1581,0.0000,not_applicable,D_unresolved_identity,low,true,false,No Security Master row and no local CSV under the PIT ticker.
,,PETM,2012-10-05,2015-03-12,2012-10-05→2015-03-12,UNRESOLVED,missing,PETM,,,0,70,0.0000,not_applicable,D_unresolved_identity,low,false,false,No Security Master row and no local CSV under the PIT ticker.
,,PKI,1996-01-02,2023-05-16,1996-01-02→2023-05-16,UNRESOLVED,missing,PKI,,,0,3057,0.0000,not_applicable,D_unresolved_identity,low,true,false,No Security Master row and no local CSV under the PIT ticker.
,,PLL,1996-01-02,2015-08-31,1996-01-02→2015-08-31,UNRESOLVED,missing,PLL,,,0,242,0.0000,not_applicable,D_unresolved_identity,low,false,false,No Security Master row and no local CSV under the PIT ticker.
,,PX,1996-01-02,2018-10-31,1996-01-02→2018-10-31,UNRESOLVED,missing,PX,,,0,1399,0.0000,not_applicable,D_unresolved_identity,low,true,false,No Security Master row and no local CSV under the PIT ticker.
,,PXD,2008-09-24,2024-05-08,2008-09-24→2024-05-08,UNRESOLVED,missing,PXD,,,0,3415,0.0000,not_applicable,D_unresolved_identity,low,true,false,No Security Master row and no local CSV under the PIT ticker.
,,QEP,2010-07-01,2015-07-01,2010-07-01→2015-07-01,UNRESOLVED,missing,QEP,,,0,181,0.0000,not_applicable,D_unresolved_identity,low,false,false,No Security Master row and no local CSV under the PIT ticker.
,,RAI,2002-09-04,2017-07-25,2002-09-04→2017-07-25,UNRESOLVED,missing,RAI,,,0,936,0.0000,not_applicable,D_unresolved_identity,low,true,false,No Security Master row and no local CSV under the PIT ticker.
,everest-group,RE,2017-06-19,2023-07-10,2017-06-19→2023-07-10,RESOLVED,available_other_ticker,EG,2013-07-08,2025-12-31,2212,2212,1.0000,valid,G_data_under_other_ticker,high,true,false,Vendor series stored as EG.
,,RHT,2009-07-27,2019-07-15,2009-07-27→2019-07-15,UNRESOLVED,missing,RHT,,,0,1656,0.0000,not_applicable,D_unresolved_identity,low,true,false,No Security Master row and no local CSV under the PIT ticker.
,,RTN,1996-01-02,2020-04-06,1996-01-02→2020-04-06,UNRESOLVED,missing,RTN,,,0,1922,0.0000,not_applicable,D_unresolved_identity,low,true,false,No Security Master row and no local CSV under the PIT ticker.
,,SEE,1998-04-01,2023-12-18,1998-04-01→2023-12-18,UNRESOLVED,missing,SEE,,,0,3273,0.0000,not_applicable,D_unresolved_identity,low,true,false,No Security Master row and no local CSV under the PIT ticker.
,,SIAL,1996-01-02,2015-11-18,1996-01-02→2015-11-18,UNRESOLVED,missing,SIAL,,,0,321,0.0000,not_applicable,D_unresolved_identity,low,false,false,No Security Master row and no local CSV under the PIT ticker.
,,SIVB,2018-03-19,2023-03-15,2018-03-19→2023-03-15,UNRESOLVED,missing,SIVB,,,0,1822,0.0000,not_applicable,D_unresolved_identity,low,true,false,No Security Master row and no local CSV under the PIT ticker.
,,SNI,2008-07-01,2018-03-07,2008-07-01→2018-03-07,UNRESOLVED,missing,SNI,,,0,1161,0.0000,not_applicable,D_unresolved_identity,low,true,false,No Security Master row and no local CSV under the PIT ticker.
,,SPLS,1998-10-07,2017-09-13,1998-10-07→2017-09-13,UNRESOLVED,missing,SPLS,,,0,986,0.0000,not_applicable,D_unresolved_identity,low,true,false,No Security Master row and no local CSV under the PIT ticker.
,,SRCL,2008-11-19,2018-12-03,2008-11-19→2018-12-03,UNRESOLVED,missing,SRCL,,,0,1432,0.0000,not_applicable,D_unresolved_identity,low,true,false,No Security Master row and no local CSV under the PIT ticker.
,,STJ,1996-01-02,2017-01-05,1996-01-02→2017-01-05,UNRESOLVED,missing,STJ,,,0,735,0.0000,not_applicable,D_unresolved_identity,low,true,false,No Security Master row and no local CSV under the PIT ticker.
,,SWN,2008-06-06,2017-04-04,2008-06-06→2017-04-04,UNRESOLVED,missing,SWN,,,0,824,0.0000,not_applicable,D_unresolved_identity,low,true,false,No Security Master row and no local CSV under the PIT ticker.
,,SWY,1998-11-13,2015-01-27,1998-11-13→2015-01-27,UNRESOLVED,missing,SWY,,,0,26,0.0000,not_applicable,D_unresolved_identity,low,false,false,No Security Master row and no local CSV under the PIT ticker.
,,SYMC,2003-03-31,2019-11-05,2003-03-31→2019-11-05,UNRESOLVED,missing,SYMC,,,0,1769,0.0000,not_applicable,D_unresolved_identity,low,true,false,No Security Master row and no local CSV under the PIT ticker.
,,TGNA,1996-01-02,2017-06-02,1996-01-02→2017-06-02,UNRESOLVED,missing,TGNA,,,0,883,0.0000,not_applicable,D_unresolved_identity,low,true,false,No Security Master row and no local CSV under the PIT ticker.
,,TIF,2000-06-21,2021-01-07,2000-06-21→2021-01-07,UNRESOLVED,missing,TIF,,,0,2198,0.0000,not_applicable,D_unresolved_identity,low,true,false,No Security Master row and no local CSV under the PIT ticker.
,globe-life,TMK,1996-01-02,2019-08-08,1996-01-02→2019-08-08,RESOLVED,available_other_ticker,GL,2013-07-08,2025-12-31,1680,1680,1.0000,valid,G_data_under_other_ticker,high,true,false,Vendor series stored as GL.
,,TSS,2008-01-02,2019-09-23,2008-01-02→2019-09-23,UNRESOLVED,missing,TSS,,,0,1726,0.0000,not_applicable,D_unresolved_identity,low,true,false,No Security Master row and no local CSV under the PIT ticker.
,,TWC,2009-03-30,2016-05-18,2009-03-30→2016-05-18,UNRESOLVED,missing,TWC,,,0,503,0.0000,not_applicable,D_unresolved_identity,low,true,false,No Security Master row and no local CSV under the PIT ticker.
,,TWTR,2018-06-07,2022-11-01,2018-06-07→2022-11-01,UNRESOLVED,missing,TWTR,,,0,1608,0.0000,not_applicable,D_unresolved_identity,low,true,false,No Security Master row and no local CSV under the PIT ticker.
,rtx-corporation,UTX,1996-01-02,2020-04-03,1996-01-02→2020-04-03,RESOLVED,available_other_ticker,RTX,2013-07-08,2025-12-31,1919,1919,1.0000,valid,G_data_under_other_ticker,high,true,false,Vendor series stored as RTX.
,,VAR,2007-02-12,2021-04-20,2007-02-12→2021-04-20,UNRESOLVED,missing,VAR,,,0,2301,0.0000,not_applicable,D_unresolved_identity,low,true,false,No Security Master row and no local CSV under the PIT ticker.
,,VIAB,2006-01-03,2019-12-05,2006-01-03→2019-12-05,UNRESOLVED,missing,VIAB,,,0,1799,0.0000,not_applicable,D_unresolved_identity,low,true,false,No Security Master row and no local CSV under the PIT ticker.
,,VIAC,2019-12-05,2022-02-17,2019-12-05→2022-02-17,UNRESOLVED,missing,VIAC,,,0,805,0.0000,not_applicable,D_unresolved_identity,low,true,false,No Security Master row and no local CSV under the PIT ticker.
,,WBA,1996-01-02,2025-08-28,1996-01-02→2025-08-28,UNRESOLVED,missing,WBA,,,0,3892,0.0000,not_applicable,D_unresolved_identity,low,true,false,No Security Master row and no local CSV under the PIT ticker.
,,WCG,2018-09-17,2020-01-28,2018-09-17→2020-01-28,UNRESOLVED,missing,WCG,,,0,498,0.0000,not_applicable,D_unresolved_identity,low,true,false,No Security Master row and no local CSV under the PIT ticker.
,,WFM,2006-01-03,2017-08-28,2006-01-03→2017-08-28,UNRESOLVED,missing,WFM,,,0,970,0.0000,not_applicable,D_unresolved_identity,low,true,false,No Security Master row and no local CSV under the PIT ticker.
,,WIN,2006-07-18,2015-04-07,2006-07-18→2015-04-07,UNRESOLVED,missing,WIN,,,0,96,0.0000,not_applicable,D_unresolved_identity,low,false,false,No Security Master row and no local CSV under the PIT ticker.
,wtw-plc,WLTW,2016-01-05,2022-01-10,2016-01-05→2022-01-10,RESOLVED,available_other_ticker,WTW,2013-07-08,2025-12-31,2197,2197,1.0000,valid,G_data_under_other_ticker,high,true,false,Vendor series stored as WTW.
,,WRK,2015-07-02,2024-07-08,2015-07-02→2024-07-08,UNRESOLVED,missing,WRK,,,0,3294,0.0000,not_applicable,D_unresolved_identity,low,true,false,No Security Master row and no local CSV under the PIT ticker.
,,WYND,2006-08-01,2018-05-31,2006-08-01→2018-05-31,UNRESOLVED,missing,WYND,,,0,1246,0.0000,not_applicable,D_unresolved_identity,low,true,false,No Security Master row and no local CSV under the PIT ticker.
,,XEC,2014-06-20,2020-03-03,2014-06-20→2020-03-03,UNRESOLVED,missing,XEC,,,0,1888,0.0000,not_applicable,D_unresolved_identity,low,true,false,No Security Master row and no local CSV under the PIT ticker.
,,XL,2001-09-04,2018-09-12,2001-09-04→2018-09-12,UNRESOLVED,missing,XL,,,0,1350,0.0000,not_applicable,D_unresolved_identity,low,true,false,No Security Master row and no local CSV under the PIT ticker.
,,XLNX,1999-11-08,2022-02-15,1999-11-08→2022-02-15,UNRESOLVED,missing,XLNX,,,0,2602,0.0000,not_applicable,D_unresolved_identity,low,true,false,No Security Master row and no local CSV under the PIT ticker.
